Workbook

Sheet Rekap Neraca Pengelolaan Sampah
A1: Rekap Neraca Sampah
A2: Periode | C2: JULI | D2: 2024 | E2: - | F2: JUNI | G2: 2025
A3: Perusahaan | C3: PT PELINDO DAYA SEJAHTERA
A5: No | B5: Sumber Sampah | D5: Jumlah Timbulan Sampah (ton/tahun) | E5: Penanganan Sampah (ton/tahun)
E6: Jumlah Sampah Organik | F6: Jumlah Sampah Anorganik Terpilah | G6: Total Sampah Terkelola | H6: Prosentase Sampah Terkelola | I6: Jumlah Sampah Lainnya dan/atau residu | J6: Total Sampah Lainnya dan/atau residu | K6: Prosentase Sampah Lainnya dan/atau residu
A7: 1 | B7: Area Kantor | D7: =E7+F7+I7 -> 68.97579 | E7: ='Rekap area'!D20 -> 37.1225 | F7: ='Rekap area'!E20 -> 4.01729 | G7: =E7+F7 -> 41.13979 | H7: =G7/D7 -> 0.59643811 | I7: ='Rekap area'!F20 -> 27.836 | J7: =I7 -> 27.836 | K7: =J7/D7 -> 0.40356189
A8: 2 | B8: Area Tempat Parkir/Taman/Jalan | D8: =E8+F8+I8 -> 168.83385 | E8: ='Rekap area'!H20 -> 99.9736 | F8: ='Rekap area'!I20 -> 5.002024 | G8: =E8+F8 -> 104.97562 | H8: =G8/D8 -> 0.62176881 | I8: ='Rekap area'!J20 -> 63.858228 | J8: =I8 -> 63.858228 | K8: =J8/D8 -> 0.37823119
A9: 3 | B9: Area Ruang Tunggu | D9: =E9+F9+I9 -> 47.80944 | E9: ='Rekap area'!L20 -> 27.2483 | F9: ='Rekap area'!M20 -> 3.07164 | G9: =E9+F9 -> 30.31994 | H9: =G9/D9 -> 0.63418312 | I9: ='Rekap area'!N20 -> 17.4895 | J9: =I9 -> 17.4895 | K9: =J9/D9 -> 0.36581688
A10: 4 | B10: Area Tempat Makan | D10: =E10+F10+I10 -> 259.28452 | E10: ='Rekap area'!P20 -> 140.07774 | F10: ='Rekap area'!Q20 -> 11.26788 | G10: =E10+F10 -> 151.34562 | H10: =G10/D10 -> 0.5837048 | I10: ='Rekap area'!R20 -> 107.9389 | J10: =I10 -> 107.9389 | K10: =J10/D10 -> 0.4162952
A11: 5 | B11: Sampah Kapal (Khusus Pelabuhan) | D11: =E11+F11+I11 -> 84.2502 | E11: ='Rekap area'!T20 -> 48.661 | F11: ='Rekap area'!U20 -> 3.4922 | G11: =E11+F11 -> 52.1532 | H11: =G11/D11 -> 0.61902761 | I11: ='Rekap area'!V20 -> 32.097 | J11: =I11 -> 32.097 | K11: =J11/D11 -> 0.38097239
A12: 6 | B12: Area Lain (sebutkan jika ada) | D12: =E12+F12+I12 -> 50.25496 | E12: ='Rekap area'!X20 -> 22.673 | F12: ='Rekap area'!Y20 -> 9.06996 | G12: =E12+F12 -> 31.74296 | H12: =G12/D12 -> 0.63163835 | I12: ='Rekap area'!Z20 -> 18.512 | J12: =I12 -> 18.512 | K12: =J12/D12 -> 0.36836165
B13: Total (ton/tahun) | D13: =SUM(D7:D12) -> 679.40876 | E13: =SUM(E7:E12) -> 375.75614 | F13: =SUM(F7:F12) -> 35.920994 | G13: =SUM(G7:G12) -> 411.67713 | H13: =G13/D13 -> 0.60593439 | I13: =SUM(I7:I12) -> 267.73163 | J13: =SUM(J7:J12) -> 267.73163 | K13: =J13/D13 -> 0.39406561
C15: Mengetahui, | I15: (kab/kota), tgl-bulan-tahun
C16: Jabatan Pimpinan | I16: Jabatan Penyusun
C18: ttd+cap | I18: ttd
C20: nama pimpinan | I20: nama penyusun
C21: nopeg/nip | I21: nopeg/nip
A23: … | B23: : Tahun dan nama perusahaan mohon diisi

Sheet Rekap Sampah terkelola
A1: Rekap Jumlah Sampah Terkelola
A2: Berdasarkan Jenis Sampah Terpilah
A3: Periode | C3: JULI | D3: ='Rekap Neraca Pengelolaan Sampah'!D2 -> 2024 | E3: - | F3: JUNI | G3: ='Rekap Neraca Pengelolaan Sampah'!G2 -> 2025
A4: Perusahaan | C4: ='Rekap Neraca Pengelolaan Sampah'!C3 -> PT PELINDO DAYA SEJAHTERA
A6: No | B6: Bulan | C6: Tahun | D6: Sampah Terkelola | G6: Jumlah Timbulan Sampah (ton/bulan)
D7: Jumlah Sampah Organik Terpilah (ton/bulan) | E7: Jumlah Sampah Anorganik Terpilah (ton/bulan) | F7: Jumlah Sampah Lainnya dan/atau Residu (ton/bulan)
A8: 1 | B8: Juli | C8: =$D$3 -> 2024 | D8: ='Rekap area'!D8+'Rekap area'!H8+'Rekap area'!L8+'Rekap area'!P8+'Rekap area'!T8+'Rekap area'!X8 -> 59.4644 | E8: ='Rekap area'!E8+'Rekap area'!I8+'Rekap area'!M8+'Rekap area'!Q8+'Rekap area'!U8+'Rekap area'!Y8 -> 10.354968 | F8: ='Rekap area'!F8+'Rekap area'!J8+'Rekap area'!N8+'Rekap area'!R8+'Rekap area'!V8+'Rekap area'!Z8 -> 26.97 | G8: =SUM(D8:F8) -> 96.789368
A9: 2 | B9: Agustus | C9: =$D$3 -> 2024 | D9: ='Rekap area'!D9+'Rekap area'!H9+'Rekap area'!L9+'Rekap area'!P9+'Rekap area'!T9+'Rekap area'!X9 -> 44.9416 | E9: ='Rekap area'!E9+'Rekap area'!I9+'Rekap area'!M9+'Rekap area'!Q9+'Rekap area'!U9+'Rekap area'!Y9 -> 8.738652 | F9: ='Rekap area'!F9+'Rekap area'!J9+'Rekap area'!N9+'Rekap area'!R9+'Rekap area'!V9+'Rekap area'!Z9 -> 28.465 | G9: =SUM(D9:F9) -> 82.145252
A10: 3 | B10: September | C10: =$D$3 -> 2024 | D10: ='Rekap area'!D10+'Rekap area'!H10+'Rekap area'!L10+'Rekap area'!P10+'Rekap area'!T10+'Rekap area'!X10 -> 1.5576 | E10: ='Rekap area'!E10+'Rekap area'!I10+'Rekap area'!M10+'Rekap area'!Q10+'Rekap area'!U10+'Rekap area'!Y10 -> 1.85874 | F10: ='Rekap area'!F10+'Rekap area'!J10+'Rekap area'!N10+'Rekap area'!R10+'Rekap area'!V10+'Rekap area'!Z10 -> 46.117 | G10: =SUM(D10:F10) -> 49.53334
A11: 4 | B11: Oktober | C11: =$D$3 -> 2024 | D11: ='Rekap area'!D11+'Rekap area'!H11+'Rekap area'!L11+'Rekap area'!P11+'Rekap area'!T11+'Rekap area'!X11 -> 1.2324 | E11: ='Rekap area'!E11+'Rekap area'!I11+'Rekap area'!M11+'Rekap area'!Q11+'Rekap area'!U11+'Rekap area'!Y11 -> 2.54644 | F11: ='Rekap area'!F11+'Rekap area'!J11+'Rekap area'!N11+'Rekap area'!R11+'Rekap area'!V11+'Rekap area'!Z11 -> 45.683 | G11: =SUM(D11:F11) -> 49.46184
A12: 5 | B12: November | C12: =$D$3 -> 2024 | D12: ='Rekap area'!D12+'Rekap area'!H12+'Rekap area'!L12+'Rekap area'!P12+'Rekap area'!T12+'Rekap area'!X12 -> 49.8958 | E12: ='Rekap area'!E12+'Rekap area'!I12+'Rekap area'!M12+'Rekap area'!Q12+'Rekap area'!U12+'Rekap area'!Y12 -> 2.669524 | F12: ='Rekap area'!F12+'Rekap area'!J12+'Rekap area'!N12+'Rekap area'!R12+'Rekap area'!V12+'Rekap area'!Z12 -> 29.893 | G12: =SUM(D12:F12) -> 82.458324
A13: 6 | B13: Desember | C13: =$D$3 -> 2024 | D13: ='Rekap area'!D13+'Rekap area'!H13+'Rekap area'!L13+'Rekap area'!P13+'Rekap area'!T13+'Rekap area'!X13 -> 95.80844 | E13: ='Rekap area'!E13+'Rekap area'!I13+'Rekap area'!M13+'Rekap area'!Q13+'Rekap area'!U13+'Rekap area'!Y13 -> 1.92192 | F13: ='Rekap area'!F13+'Rekap area'!J13+'Rekap area'!N13+'Rekap area'!R13+'Rekap area'!V13+'Rekap area'!Z13 -> 45.562 | G13: =SUM(D13:F13) -> 143.29236
A14: 7 | B14: Januari | C14: =$G$3 -> 2025 | D14: ='Rekap area'!D14+'Rekap area'!H14+'Rekap area'!L14+'Rekap area'!P14+'Rekap area'!T14+'Rekap area'!X14 -> 16.8012 | E14: ='Rekap area'!E14+'Rekap area'!I14+'Rekap area'!M14+'Rekap area'!Q14+'Rekap area'!U14+'Rekap area'!Y14 -> 2.03684 | F14: ='Rekap area'!F14+'Rekap area'!J14+'Rekap area'!N14+'Rekap area'!R14+'Rekap area'!V14+'Rekap area'!Z14 -> 25.780628 | G14: =SUM(D14:F14) -> 44.618668
A15: 8 | B15: Februari | C15: =$G$3 -> 2025 | D15: ='Rekap area'!D15+'Rekap area'!H15+'Rekap area'!L15+'Rekap area'!P15+'Rekap area'!T15+'Rekap area'!X15 -> 68.7818 | E15: ='Rekap area'!E15+'Rekap area'!I15+'Rekap area'!M15+'Rekap area'!Q15+'Rekap area'!U15+'Rekap area'!Y15 -> 1.89592 | F15: ='Rekap area'!F15+'Rekap area'!J15+'Rekap area'!N15+'Rekap area'!R15+'Rekap area'!V15+'Rekap area'!Z15 -> 12.5 | G15: =SUM(D15:F15) -> 83.17772
A16: 9 | B16: Maret | C16: =$G$3 -> 2025 | D16: ='Rekap area'!D16+'Rekap area'!H16+'Rekap area'!L16+'Rekap area'!P16+'Rekap area'!T16+'Rekap area'!X16 -> 14.9259 | E16: ='Rekap area'!E16+'Rekap area'!I16+'Rekap area'!M16+'Rekap area'!Q16+'Rekap area'!U16+'Rekap area'!Y16 -> 0.52349 | F16: ='Rekap area'!F16+'Rekap area'!J16+'Rekap area'!N16+'Rekap area'!R16+'Rekap area'!V16+'Rekap area'!Z16 -> 5.09 | G16: =SUM(D16:F16) -> 20.53939
A17: 10 | B17: April | C17: =$G$3 -> 2025 | D17: ='Rekap area'!D17+'Rekap area'!H17+'Rekap area'!L17+'Rekap area'!P17+'Rekap area'!T17+'Rekap area'!X17 -> 10.2261 | E17: ='Rekap area'!E17+'Rekap area'!I17+'Rekap area'!M17+'Rekap area'!Q17+'Rekap area'!U17+'Rekap area'!Y17 -> 0.3258 | F17: ='Rekap area'!F17+'Rekap area'!J17+'Rekap area'!N17+'Rekap area'!R17+'Rekap area'!V17+'Rekap area'!Z17 -> 0 | G17: =SUM(D17:F17) -> 10.5519
A18: 11 | B18: Mei | C18: =$G$3 -> 2025 | D18: ='Rekap area'!D18+'Rekap area'!H18+'Rekap area'!L18+'Rekap area'!P18+'Rekap area'!T18+'Rekap area'!X18 -> 9.0948 | E18: ='Rekap area'!E18+'Rekap area'!I18+'Rekap area'!M18+'Rekap area'!Q18+'Rekap area'!U18+'Rekap area'!Y18 -> 0.4562 | F18: ='Rekap area'!F18+'Rekap area'!J18+'Rekap area'!N18+'Rekap area'!R18+'Rekap area'!V18+'Rekap area'!Z18 -> 0.431 | G18: =SUM(D18:F18) -> 9.982
A19: 12 | B19: Juni | C19: =$G$3 -> 2025 | D19: ='Rekap area'!D19+'Rekap area'!H19+'Rekap area'!L19+'Rekap area'!P19+'Rekap area'!T19+'Rekap area'!X19 -> 3.0261 | E19: ='Rekap area'!E19+'Rekap area'!I19+'Rekap area'!M19+'Rekap area'!Q19+'Rekap area'!U19+'Rekap area'!Y19 -> 2.5925 | F19: ='Rekap area'!F19+'Rekap area'!J19+'Rekap area'!N19+'Rekap area'!R19+'Rekap area'!V19+'Rekap area'!Z19 -> 1.24 | G19: =SUM(D19:F19) -> 6.8586
B20: Total (ton/tahun) | D20: =SUM(D8:D19) -> 375.75614 | E20: =SUM(E8:E19) -> 35.920994 | F20: =SUM(F8:F19) -> 267.73163 | G20: =SUM(G8:G19) -> 679.40876
C22: Mengetahui, | F22: (kab/kota), tgl-bulan-tahun
C23: Jabatan Pimpinan | F23: Jabatan Penyusun
C25: ttd+cap | F25: ttd
C27: nama pimpinan | F27: nama penyusun
C28: nopeg/nip | F28: nopeg/nip

Sheet Rekap area
A1: Rekap Data Pengelolaan Sampah
A2: Berdasarkan Per Lokasi Area
A3: Periode | C3: JULI | D3: ='Rekap Neraca Pengelolaan Sampah'!D2 -> 2024 | E3: - | F3: JUNI | G3: ='Rekap Neraca Pengelolaan Sampah'!G2 -> 2025
A4: Perusahaan | C4: ='Rekap Neraca Pengelolaan Sampah'!C3 -> PT PELINDO DAYA SEJAHTERA
A6: No | B6: Bulan | C6: Tahun | D6: Area Kantor (ton/bulan) | H6: Area Tempat Parkir/Taman/Jalan (ton/bulan) | L6: Area Ruang Tunggu (ton/bulan) | P6: Area Tempat Makan (ton/bulan) | T6: Sampah kapal (khusus pelabuhan) (ton/bulan) | X6: Area Lain (ton/bulan)
D7: Jumlah Sampah Organik Terpilah | E7: Jumlah Sampah Anorganik Terpilah | F7: Jumlah Sampah Lainnya dan/atau Residu | G7: Jumlah Timbulan Sampah | H7: Jumlah Sampah Organik Terpilah | I7: Jumlah Sampah Anorganik Terpilah | J7: Jumlah Sampah Lainnya dan/atau Residu | K7: Jumlah Timbulan Sampah | L7: Jumlah Sampah Organik Terpilah | M7: Jumlah Sampah Anorganik Terpilah | N7: Jumlah Sampah Lainnya dan/atau Residu | O7: Jumlah Timbulan Sampah | P7: Jumlah Sampah Organik Terpilah | Q7: Jumlah Sampah Anorganik Terpilah | R7: Jumlah Sampah Lainnya dan/atau Residu | S7: Jumlah Timbulan Sampah | T7: Jumlah Sampah Organik Terpilah | U7: Jumlah Sampah Anorganik Terpilah | V7: Jumlah Sampah Lainnya dan/atau Residu | W7: Jumlah Timbulan Sampah | X7: Jumlah Sampah Organik Terpilah | Y7: Jumlah Sampah Anorganik Terpilah | Z7: Jumlah Sampah Lainnya dan/atau Residu | AA7: Jumlah Timbulan Sampah
A8: 1 | B8: Juli | C8: =$D$3 -> 2024 | D8: =Juli!$C$40 -> 4.518 | E8: =Juli!$D$40 -> 1.032928 | F8: =Juli!$E$40 -> 1.395 | G8: =SUM(D8:F8) -> 6.945928 | H8: =Juli!G$40 -> 20.472 | I8: =Juli!H$40 -> 0.9802 | J8: =Juli!I$40 -> 6.012 | K8: =SUM(H8:J8) -> 27.4642 | L8: =Juli!K$40 -> 5.0068 | M8: =Juli!L$40 -> 0.56784 | N8: =Juli!M$40 -> 1.829 | O8: =SUM(L8:N8) -> 7.40364 | P8: =Juli!O$40 -> 26.5076 | Q8: =Juli!P$40 -> 0.91936 | R8: =Juli!Q$40 -> 14.56 | S8: =SUM(P8:R8) -> 41.98696 | T8: =Juli!S$40 -> 2.24 | U8: =Juli!T$40 -> 1.02752 | V8: =Juli!U$40 -> 1.74 | W8: =SUM(T8:V8) -> 5.00752 | X8: =Juli!W$40 -> 0.72 | Y8: =Juli!X$40 -> 5.82712 | Z8: =Juli!Y$40 -> 1.434 | AA8: =SUM(X8:Z8) -> 7.98112
A9: 2 | B9: Agustus | C9: =$D$3 -> 2024 | D9: =Agustus!$C$40 -> 4.9396 | E9: =Agustus!$D$40 -> 0.460356 | F9: =Agustus!$E$40 -> 2.45 | G9: =SUM(D9:F9) -> 7.849956 | H9: =Agustus!G$40 -> 13.2552 | I9: =Agustus!H$40 -> 0.75036 | J9: =Agustus!I$40 -> 7.26 | K9: =SUM(H9:J9) -> 21.26556 | L9: =Agustus!K$40 -> 5.6608 | M9: =Agustus!L$40 -> 0.346112 | N9: =Agustus!M$40 -> 2.565 | O9: =SUM(L9:N9) -> 8.571912 | P9: =Agustus!O$40 -> 16.426 | Q9: =Agustus!P$40 -> 6.600464 | R9: =Agustus!Q$40 -> 13 | S9: =SUM(P9:R9) -> 36.026464 | T9: =Agustus!S$40 -> 2.32 | U9: =Agustus!T$40 -> 0.45292 | V9: =Agustus!U$40 -> 1.565 | W9: =SUM(T9:V9) -> 4.33792 | X9: =Agustus!W$40 -> 2.34 | Y9: =Agustus!X$40 -> 0.12844 | Z9: =Agustus!Y$40 -> 1.625 | AA9: =SUM(X9:Z9) -> 4.09344
A10: 3 | B10: September | C10: =$D$3 -> 2024 | D10: =September!$C$40 -> 0.2884 | E10: =September!$D$40 -> 0.14274 | F10: =September!$E$40 -> 6.145 | G10: =SUM(D10:F10) -> 6.57614 | H10: =September!G$40 -> 0.3248 | I10: =September!H$40 -> 0.19188 | J10: =September!I$40 -> 10.48 | K10: =SUM(H10:J10) -> 10.99668 | L10: =September!K$40 -> 0.458 | M10: =September!L$40 -> 0.16068 | N10: =September!M$40 -> 2.4 | O10: =SUM(L10:N10) -> 3.01868 | P10: =September!O$40 -> 0.4864 | Q10: =September!P$40 -> 0.23244 | R10: =September!Q$40 -> 18.965 | S10: =SUM(P10:R10) -> 19.68384 | T10: =September!S$40 -> 0 | U10: =September!T$40 -> 0.1508 | V10: =September!U$40 -> 3.5 | W10: =SUM(T10:V10) -> 3.6508 | X10: =September!W$40 -> 0 | Y10: =September!X$40 -> 0.9802 | Z10: =September!Y$40 -> 4.627 | AA10: =SUM(X10:Z10) -> 5.6072
A11: 4 | B11: Oktober | C11: =$D$3 -> 2024 | D11: =Oktober!$C$40 -> 0 | E11: =Oktober!$D$40 -> 0.25688 | F11: =Oktober!$E$40 -> 5.517 | G11: =SUM(D11:F11) -> 5.77388 | H11: =Oktober!G$40 -> 0.2908 | I11: =Oktober!H$40 -> 0.5096 | J11: =Oktober!I$40 -> 11.532 | K11: =SUM(H11:J11) -> 12.3324 | L11: =Oktober!K$40 -> 0.4592 | M11: =Oktober!L$40 -> 0.34528 | N11: =Oktober!M$40 -> 2.445 | O11: =SUM(L11:N11) -> 3.24948 | P11: =Oktober!O$40 -> 0.4824 | Q11: =Oktober!P$40 -> 0.66508 | R11: =Oktober!Q$40 -> 19.033 | S11: =SUM(P11:R11) -> 20.18048 | T11: =Oktober!S$40 -> 0 | U11: =Oktober!T$40 -> 0.3172 | V11: =Oktober!U$40 -> 3.063 | W11: =SUM(T11:V11) -> 3.3802 | X11: =Oktober!W$40 -> 0 | Y11: =Oktober!X$40 -> 0.4524 | Z11: =Oktober!Y$40 -> 4.093 | AA11: =SUM(X11:Z11) -> 4.5454
A12: 5 | B12: November | C12: =$D$3 -> 2024 | D12: =November!$C$40 -> 2.119 | E12: =November!$D$40 -> 0.456976 | F12: =November!$E$40 -> 3.553 | G12: =SUM(D12:F12) -> 6.128976 | H12: =November!G$40 -> 12.1788 | I12: =November!H$40 -> 0.600964 | J12: =November!I$40 -> 6.77 | K12: =SUM(H12:J12) -> 19.549764 | L12: =November!K$40 -> 3.928 | M12: =November!L$40 -> 0.323128 | N12: =November!M$40 -> 1.66 | O12: =SUM(L12:N12) -> 5.911128 | P12: =November!O$40 -> 21.758 | Q12: =November!P$40 -> 0.673296 | R12: =November!Q$40 -> 14.27 | S12: =SUM(P12:R12) -> 36.701296 | T12: =November!S$40 -> 4.452 | U12: =November!T$40 -> 0.37856 | V12: =November!U$40 -> 1.84 | W12: =SUM(T12:V12) -> 6.67056 | X12: =November!W$40 -> 5.46 | Y12: =November!X$40 -> 0.2366 | Z12: =November!Y$40 -> 1.8 | AA12: =SUM(X12:Z12) -> 7.4966
A13: 6 | B13: Desember | C13: =$D$3 -> 2024 | D13: =Desember!$C$40 -> 6.24 | E13: =Desember!$D$40 -> 0.30212 | F13: =Desember!$E$40 -> 2.663 | G13: =SUM(D13:F13) -> 9.20512 | H13: =Desember!G$40 -> 20.3092 | I13: =Desember!H$40 -> 0.39208 | J13: =Desember!I$40 -> 11.1 | K13: =SUM(H13:J13) -> 31.80128 | L13: =Desember!K$40 -> 7.746 | M13: =Desember!L$40 -> 0.36088 | N13: =Desember!M$40 -> 2.25 | O13: =SUM(L13:N13) -> 10.35688 | P13: =Desember!O$40 -> 28.68124 | Q13: =Desember!P$40 -> 0.59644 | R13: =Desember!Q$40 -> 12.2 | S13: =SUM(P13:R13) -> 41.47768 | T13: =Desember!S$40 -> 27.024 | U13: =Desember!T$40 -> 0.104 | V13: =Desember!U$40 -> 15.831 | W13: =SUM(T13:V13) -> 42.959 | X13: =Desember!W$40 -> 5.808 | Y13: =Desember!X$40 -> 0.1664 | Z13: =Desember!Y$40 -> 1.518 | AA13: =SUM(X13:Z13) -> 7.4924
A14: 7 | B14: Januari | C14: =$G$3 -> 2025 | D14: =Januari!$C$40 -> 3.644 | E14: =Januari!$D$40 -> 0.26624 | F14: =Januari!$E$40 -> 4.93 | G14: =SUM(D14:F14) -> 8.84024 | H14: =Januari!G$40 -> 6.8088 | I14: =Januari!H$40 -> 0.3926 | J14: =Januari!I$40 -> 4.024228 | K14: =SUM(H14:J14) -> 11.225628 | L14: =Januari!K$40 -> 2.5376 | M14: =Januari!L$40 -> 0.32188 | N14: =Januari!M$40 -> 3.5405 | O14: =SUM(L14:N14) -> 6.39998 | P14: =Januari!O$40 -> 1.9108 | Q14: =Januari!P$40 -> 0.53092 | R14: =Januari!Q$40 -> 6.4009 | S14: =SUM(P14:R14) -> 8.84262 | T14: =Januari!S$40 -> 0 | U14: =Januari!T$40 -> 0.3068 | V14: =Januari!U$40 -> 4.045 | W14: =SUM(T14:V14) -> 4.3518 | X14: =Januari!W$40 -> 1.9 | Y14: =Januari!X$40 -> 0.2184 | Z14: =Januari!Y$40 -> 2.84 | AA14: =SUM(X14:Z14) -> 4.9584
A15: 8 | B15: Februari | C15: =$G$3 -> 2025 | D15: =Februari!$C$40 -> 6.944 | E15: =Februari!$D$40 -> 0.39156 | F15: =Februari!$E$40 -> 0 | G15: =SUM(D15:F15) -> 7.33556 | H15: =Februari!G$40 -> 21.3628 | I15: =Februari!H$40 -> 0.37544 | J15: =Februari!I$40 -> 5 | K15: =SUM(H15:J15) -> 26.73824 | L15: =Februari!K$40 -> 0.3196 | M15: =Februari!L$40 -> 0.28184 | N15: =Februari!M$40 -> 0 | O15: =SUM(L15:N15) -> 0.60144 | P15: =Februari!O$40 -> 30.3554 | Q15: =Februari!P$40 -> 0.41028 | R15: =Februari!Q$40 -> 7.5 | S15: =SUM(P15:R15) -> 38.26568 | T15: =Februari!S$40 -> 6.16 | U15: =Februari!T$40 -> 0.2704 | V15: =Februari!U$40 -> 0 | W15: =SUM(T15:V15) -> 6.4304 | X15: =Februari!W$40 -> 3.64 | Y15: =Februari!X$40 -> 0.1664 | Z15: =Februari!Y$40 -> 0 | AA15: =SUM(X15:Z15) -> 3.8064
A16: 9 | B16: Maret | C16: =$G$3 -> 2025 | D16: =Maret!$C$40 -> 4.81 | E16: =Maret!$D$40 -> 0.09299 | F16: =Maret!$E$40 -> 1.03 | G16: =SUM(D16:F16) -> 5.93299 | H16: =Maret!G$40 -> 1.5119 | I16: =Maret!H$40 -> 0.0606 | J16: =Maret!I$40 -> 1.2 | K16: =SUM(H16:J16) -> 2.7725 | L16: =Maret!K$40 -> 0.0719 | M16: =Maret!L$40 -> 0.1047 | N16: =Maret!M$40 -> 0.5 | O16: =SUM(L16:N16) -> 0.6766 | P16: =Maret!O$40 -> 6.7321 | Q16: =Maret!P$40 -> 0.0922 | R16: =Maret!Q$40 -> 1.48 | S16: =SUM(P16:R16) -> 8.3043 | T16: =Maret!S$40 -> 1.18 | U16: =Maret!T$40 -> 0.055 | V16: =Maret!U$40 -> 0.464 | W16: =SUM(T16:V16) -> 1.699 | X16: =Maret!W$40 -> 0.62 | Y16: =Maret!X$40 -> 0.118 | Z16: =Maret!Y$40 -> 0.416 | AA16: =SUM(X16:Z16) -> 1.154
A17: 10 | B17: April | C17: =$G$3 -> 2025 | D17: =April!$C$40 -> 1.399 | E17: =April!$D$40 -> 0.094 | F17: =April!$E$40 -> 0 | G17: =SUM(D17:F17) -> 1.493 | H17: =April!G$40 -> 2.1673 | I17: =April!H$40 -> 0.0448 | J17: =April!I$40 -> 0 | K17: =SUM(H17:J17) -> 2.2121 | L17: =April!K$40 -> 0.0898 | M17: =April!L$40 -> 0.0427 | N17: =April!M$40 -> 0 | O17: =SUM(L17:N17) -> 0.1325 | P17: =April!O$40 -> 2.96 | Q17: =April!P$40 -> 0.0713 | R17: =April!Q$40 -> 0 | S17: =SUM(P17:R17) -> 3.0313 | T17: =April!S$40 -> 2.705 | U17: =April!T$40 -> 0.049 | V17: =April!U$40 -> 0 | W17: =SUM(T17:V17) -> 2.754 | X17: =April!W$40 -> 0.905 | Y17: =April!X$40 -> 0.024 | Z17: =April!Y$40 -> 0 | AA17: =SUM(X17:Z17) -> 0.929
A18: 11 | B18: Mei | C18: =$G$3 -> 2025 | D18: =Mei!$C$40 -> 1.58 | E18: =Mei!$D$40 -> 0.0643 | F18: =Mei!$E$40 -> 0.033 | G18: =SUM(D18:F18) -> 1.6773 | H18: =Mei!G$40 -> 0.6402 | I18: =Mei!H$40 -> 0.0953 | J18: =Mei!I$40 -> 0.08 | K18: =SUM(H18:J18) -> 0.8155 | L18: =Mei!K$40 -> 0.0662 | M18: =Mei!L$40 -> 0.062 | N18: =Mei!M$40 -> 0.1 | O18: =SUM(L18:N18) -> 0.2282 | P18: =Mei!O$40 -> 3.0384 | Q18: =Mei!P$40 -> 0.1176 | R18: =Mei!Q$40 -> 0.13 | S18: =SUM(P18:R18) -> 3.286 | T18: =Mei!S$40 -> 2.58 | U18: =Mei!T$40 -> 0.085 | V18: =Mei!U$40 -> 0.029 | W18: =SUM(T18:V18) -> 2.694 | X18: =Mei!W$40 -> 1.19 | Y18: =Mei!X$40 -> 0.032 | Z18: =Mei!Y$40 -> 0.059 | AA18: =SUM(X18:Z18) -> 1.281
A19: 12 | B19: Juni | C19: =$G$3 -> 2025 | D19: =Juni!$C$40 -> 0.6405 | E19: =Juni!$D$40 -> 0.4562 | F19: =Juni!$E$40 -> 0.12 | G19: =SUM(D19:F19) -> 1.2167 | H19: =Juni!G$40 -> 0.6518 | I19: =Juni!H$40 -> 0.6082 | J19: =Juni!I$40 -> 0.4 | K19: =SUM(H19:J19) -> 1.66 | L19: =Juni!K$40 -> 0.9044 | M19: =Juni!L$40 -> 0.1546 | N19: =Juni!M$40 -> 0.2 | O19: =SUM(L19:N19) -> 1.259 | P19: =Juni!O$40 -> 0.7394 | Q19: =Juni!P$40 -> 0.3585 | R19: =Juni!Q$40 -> 0.4 | S19: =SUM(P19:R19) -> 1.4979 | T19: =Juni!S$40 -> 0 | U19: =Juni!T$40 -> 0.295 | V19: =Juni!U$40 -> 0.02 | W19: =SUM(T19:V19) -> 0.315 | X19: =Juni!W$40 -> 0.09 | Y19: =Juni!X$40 -> 0.72 | Z19: =Juni!Y$40 -> 0.1 | AA19: =SUM(X19:Z19) -> 0.91
A20: Total (ton/tahun) | D20: =SUM(D8:D19) -> 37.1225 | E20: =SUM(E8:E19) -> 4.01729 | F20: =SUM(F8:F19) -> 27.836 | G20: =SUM(G8:G19) -> 68.97579 | H20: =SUM(H8:H19) -> 99.9736 | I20: =SUM(I8:I19) -> 5.002024 | J20: =SUM(J8:J19) -> 63.858228 | K20: =SUM(K8:K19) -> 168.83385 | ... AA20: =SUM(AA8:AA19) -> 50.25496
D22: Mengetahui, | V22: (kab/kota), tgl-bulan-tahun
D23: Jabatan Pimpinan | V23: Jabatan Penyusun
D25: ttd+cap | V25: ttd
D27: nama pimpinan | V27: nama penyusun
D28: nopeg/nip | V28: nopeg/nip

Sheet Juli
A1: Perusahaan : | B1: ='Rekap Neraca Pengelolaan Sampah'!C3 -> PT PELINDO DAYA SEJAHTERA
A2: Tahun | B2: ='Rekap Neraca Pengelolaan Sampah'!D2 -> 2024
A3: Bulan: | B3: Juli | C3: REKAMAN TIMBULAN SAMPAH | G3: REKAMAN TIMBULAN SAMPAH | K3: REKAMAN TIMBULAN SAMPAH | O3: REKAMAN TIMBULAN SAMPAH | S3: REKAMAN TIMBULAN SAMPAH | W3: REKAMAN TIMBULAN SAMPAH | AA3: TOTAL TIMBULAN SAMPAH DI SELURUH AREA | AB3: Satuan | AD3: REKAMAN REKAP JUMLAH SAMPAH BERDASARKAN | AJ3: REKAMAN REKAP JUMLAH PENGELOLAAN SAMPAH
A4: No | B4: Tanggal | C4: (kg/hari) | G4: (kg/hari) | K4: (kg/hari) | O4: (kg/hari) | S4: (kg/hari) | W4: (kg/hari) | AD4: JENIS SAMPAH TERPILAH | AJ4: DI SELURUH AREA
C5: Sumber sampah | G5: Sumber sampah | K5: Sumber sampah | O5: Sumber sampah | S5: Sumber sampah | W5: Sumber sampah | AD5: (kg/hari) | AJ5: Bulan : | AK5: =B3 -> Juli | AL5: Tahun : | AM5: =#REF! -> #REF!
C6: Area Kantor | G6: Area Tempat Parkir/Taman/Jalan | K6: Area Ruang Tunggu | O6: Area Tempat Makan | S6: Sampah Kapal (Khusus Pelabuhan) | W6: Area Lain (sebutkan jika ada) | AD6: Bulan : | AE6: =B3 -> Juli | AF6: Tahun : | AG6: =#REF! -> #REF! | AJ6: Sampah Terkelola (kg/hari)
C7: Sampah Organik Terpilah | D7: Sampah Anorganik Terpilah | E7: Sampah Lainnya dan/atau Residu | F7: Total Timbulan Sampah | G7: Sampah Organik Terpilah | H7: Sampah Anorganik Terpilah | I7: Sampah Lainnya dan/atau Residu | J7: Total Timbulan Sampah | K7: Sampah Organik Terpilah | L7: Sampah Anorganik Terpilah | M7: Sampah Lainnya dan/atau Residu | N7: Total Timbulan Sampah | O7: Sampah Organik Terpilah | P7: Sampah Anorganik Terpilah | Q7: Sampah Lainnya dan/atau Residu | R7: Total Timbulan Sampah | S7: Sampah Organik Terpilah | T7: Sampah Anorganik Terpilah | U7: Sampah Lainnya dan/atau Residu | V7: Total Timbulan Sampah | W7: Sampah Organik Terpilah | X7: Sampah Anorganik Terpilah | Y7: Sampah Lainnya dan/atau Residu | Z7: Total Timbulan Sampah | AD7: No. | AE7: Tanggal | AF7: Jumlah Sampah Organik | AG7: Jumlah Sampah Anorganik | AH7: Jumlah Sampah Residu ke TPA | AJ7: No. | AK7: Tanggal | AL7: Kompos / Pakan Ternak | AM7: Prosentase Kompos/pakan ternak | AN7: Bank Sampah / TPS3R / PDU | AO7: Prosentase Bank Sampah / TPS3R / PDU | AP7: Sampah Residu yang diangkut ke TPA | AQ7: Prosentase Sampah Residu yang diangkut ke TPA
A8: 1 | B8: 01 | C8: 222.8 | D8: =(((((2.2+2)*1.3)*1.3)*2)*2)*2 -> 56.784 | E8: 120 | F8: =SUM(C8:E8) -> 399.584 | G8: 817.2 | H8: =(((((3.7+3)*1.3)*1.3)*2)*2)*2 -> 90.584 | I8: 250 | J8: =SUM(G8:I8) -> 1157.784 | K8: 18 | L8: 16.224 | N8: =SUM(K8:M8) -> 34.224 | O8: 816.4 | P8: =(((((4.6+1)*1.3)*1.3)*2)*2)*2 -> 75.712 | Q8: 400 | R8: =SUM(O8:Q8) -> 1292.112 | S8: 160 | T8: =(((((2+3)*1.3)*1.3)*2)*2)*2 -> 67.6 | U8: 100 | V8: =SUM(S8:U8) -> 327.6 | W8: 0 | X8: =(((((23+1)*1.3)*1.3)*2)*2)*2 -> 324.48 | Y8: 47 | Z8: =SUM(W8:Y8) -> 371.48 | AA8: =(F8+J8+N8+R8+V8+Z8) -> 3582.784 | AB8: kg/hari | AD8: 1 | AE8: 01 | AF8: =(C8+G8+K8+O8+S8+W8) -> 2034.4 | AG8: =(D8+H8+L8+P8+T8+X8) -> 631.384 | AH8: =(E8+I8+M8+Q8++U8+Y8) -> 917 | AJ8: 1 | AK8: 01 | AL8: =AF8 -> 2034.4 | AM8: =AL8/AA8 -> 0.56782658 | AN8: =AG8 -> 631.384 | AO8: =AN8/AA8 -> 0.1762272 | AP8: =AH8 -> 917 | AQ8: =AP8/AA8 -> 0.25594621
A9: 2 | B9: 02 | C9: 218 | D9: 29.744 | E9: 50 | F9: =SUM(C9:E9) -> 297.744 | G9: 1014.4 | H9: 48.672 | I9: 250 | J9: =SUM(G9:I9) -> 1313.072 | K9: 14 | L9: 10.816 | N9: =SUM(K9:M9) -> 24.816 | O9: 2021.6 | P9: 89.232 | Q9: 610 | R9: =SUM(O9:Q9) -> 2720.832 | S9: 120 | T9: =(((((2+1)*1.3)*1.3)*2)*2)*2 -> 40.56 | U9: 100 | V9: =SUM(S9:U9) -> 260.56 | W9: 200 | X9: 310.96 | Y9: 156 | Z9: =SUM(W9:Y9) -> 666.96 | AA9: =(F9+J9+N9+R9+V9+Z9) -> 5283.984 | AB9: kg/hari | AD9: 2 | AE9: 02 | AF9: =(C9+G9+K9+O9+S9+W9) -> 3588 | AG9: =(D9+H9+L9+P9+T9+X9) -> 529.984 | AH9: =(E9+I9+M9+Q9++U9+Y9) -> 1166 | AJ9: 2 | AK9: 02 | AL9: =AF9 -> 3588 | AM9: =AL9/AA9 -> 0.67903309 | AN9: =AG9 -> 529.984 | AO9: =AN9/AA9 -> 0.10030008 | AP9: =AH9 -> 1166 | AQ9: =AP9/AA9 -> 0.22066683
A10: 3 | B10: 03 | C10: 224.4 | D10: =(((((3.1+2)*1.3)*1.3)*2)*2)*2 -> 68.952 | E10: 135 | F10: =SUM(C10:E10) -> 428.352 | G10: 1015.6 | H10: =(((((4.3+2)*1.3)*1.3)*2)*2)*2 -> 85.176 | I10: 300 | J10: =SUM(G10:I10) -> 1400.776 | K10: 11.6 | L10: 14.872 | N10: =SUM(K10:M10) -> 26.472 | O10: 2012.8 | P10: =(((((1.8+1)*1.3)*1.3)*2)*2)*2 -> 37.856 | Q10: 500 | R10: =SUM(O10:Q10) -> 2550.656 | S10: 80 | T10: =(((((2+3)*1.3)*1.3)*2)*2)*2 -> 67.6 | U10: 85 | V10: =SUM(S10:U10) -> 232.6 | W10: 60 | X10: 297.44 | Y10: 115 | Z10: =SUM(W10:Y10) -> 472.44 | AA10: =(F10+J10+N10+R10+V10+Z10) -> 5111.296 | AB10: kg/hari | AD10: 3 | AE10: 03 | AF10: =(C10+G10+K10+O10+S10+W10) -> 3404.4 | AG10: =(D10+H10+L10+P10+T10+X10) -> 571.896 | AH10: =(E10+I10+M10+Q10++U10+Y10) -> 1135 | AJ10: 3 | AK10: 03 | AL10: =AF10 -> 3404.4 | AM10: =AL10/AA10 -> 0.66605417 | AN10: =AG10 -> 571.896 | AO10: =AN10/AA10 -> 0.11188865 | AP10: =AH10 -> 1135 | AQ10: =AP10/AA10 -> 0.22205718
A11: 4 | B11: 04 | C11: 218.8 | D11: 31.096 | E11: 110 | F11: =SUM(C11:E11) -> 359.896 | G11: 816.8 | H11: =(((((3.2+1)*1.3)*1.3)*2)*2)*2 -> 56.784 | I11: 270 | J11: =SUM(G11:I11) -> 1143.584 | K11: 212 | L11: 9.464 | M11: 45 | N11: =SUM(K11:M11) -> 266.464 | O11: 1214.4 | P11: 25.688 | Q11: 570 | R11: =SUM(O11:Q11) -> 1810.088 | S11: 80 | T11: =(((((2+2)*1.3)*1.3)*2)*2)*2 -> 54.08 | U11: 60 | V11: =SUM(S11:U11) -> 194.08 | W11: 0 | X11: 297.44 | Y11: 45 | Z11: =SUM(W11:Y11) -> 342.44 | AA11: =(F11+J11+N11+R11+V11+Z11) -> 4116.552 | AB11: kg/hari | AD11: 4 | AE11: 04 | AF11: =(C11+G11+K11+O11+S11+W11) -> 2542 | AG11: =(D11+H11+L11+P11+T11+X11) -> 474.552 | AH11: =(E11+I11+M11+Q11++U11+Y11) -> 1100 | AJ11: 4 | AK11: 04 | AL11: =AF11 -> 2542 | AM11: =AL11/AA11 -> 0.61750708 | AN11: =AG11 -> 474.552 | AO11: =AN11/AA11 -> 0.115279 | AP11: =AH11 -> 1100 | AQ11: =AP11/AA11 -> 0.26721392
A12: 5 | B12: 05 | C12: 216.4 | D12: =(((((2+1)*1.3)*1.3)*2)*2)*2 -> 40.56 | E12: 15 | F12: =SUM(C12:E12) -> 271.96 | G12: 420.4 | H12: 35.152 | I12: 100 | J12: =SUM(G12:I12) -> 555.552 | K12: 14.4 | L12: 32.448 | N12: =SUM(K12:M12) -> 46.848 | O12: 417.2 | P12: 27.04 | Q12: 300 | R12: =SUM(O12:Q12) -> 744.24 | S12: 60 | T12: =(((((2+2)*1.3)*1.3)*2)*2)*2 -> 54.08 | U12: 60 | V12: =SUM(S12:U12) -> 174.08 | W12: 0 | X12: =(((((22+1)*1.3)*1.3)*2)*2)*2 -> 310.96 | Y12: 40 | Z12: =SUM(W12:Y12) -> 350.96 | AA12: =(F12+J12+N12+R12+V12+Z12) -> 2143.64 | AB12: kg/hari | AD12: 5 | AE12: 05 | AF12: =(C12+G12+K12+O12+S12+W12) -> 1128.4 | AG12: =(D12+H12+L12+P12+T12+X12) -> 500.24 | AH12: =(E12+I12+M12+Q12++U12+Y12) -> 515 | AJ12: 5 | AK12: 05 | AL12: =AF12 -> 1128.4 | AM12: =AL12/AA12 -> 0.52639436 | AN12: =AG12 -> 500.24 | AO12: =AN12/AA12 -> 0.23336008 | AP12: =AH12 -> 515 | AQ12: =AP12/AA12 -> 0.24024556
A13: 6 | B13: 06 | C13: 200 | D13: 0 | E13: 20 | F13: =SUM(C13:E13) -> 220 | G13: 720 | H13: 0 | I13: 200 | J13: =SUM(G13:I13) -> 920 | K13: 0 | L13: 0 | N13: =SUM(K13:M13) -> 0 | O13: 800 | P13: 0 | Q13: 370 | R13: =SUM(O13:Q13) -> 1170 | S13: 100 | T13: =(((((1+2)*1.3)*1.3)*2)*2)*2 -> 40.56 | U13: 65 | V13: =SUM(S13:U13) -> 205.56 | W13: 0 | X13: 283.92 | Y13: 20 | Z13: =SUM(W13:Y13) -> 303.92 | AA13: =(F13+J13+N13+R13+V13+Z13) -> 2819.48 | AB13: kg/hari | AD13: 6 | AE13: 06 | AF13: =(C13+G13+K13+O13+S13+W13) -> 1820 | AG13: =(D13+H13+L13+P13+T13+X13) -> 324.48 | AH13: =(E13+I13+M13+Q13++U13+Y13) -> 675 | AJ13: 6 | AK13: 06 | AL13: =AF13 -> 1820 | AM13: =AL13/AA13 -> 0.6455091 | AN13: =AG13 -> 324.48 | AO13: =AN13/AA13 -> 0.11508505 | AP13: =AH13 -> 675 | AQ13: =AP13/AA13 -> 0.23940585
A14: 7 | B14: 07 | C14: 0 | D14: 0 | E14: =[1]Juli!O12+[2]Juli!O12+[3]Juli!O12 -> 0 | F14: =SUM(C14:E14) -> 0 | G14: 0 | H14: 0 | I14: =[2]Juli!V12+[1]Juli!V12+[3]Juli!V12 -> 0 | J14: =SUM(G14:I14) -> 0 | K14: 0 | L14: 0 | N14: =SUM(K14:M14) -> 0 | O14: 0 | P14: 0 | Q14: 0 | R14: =SUM(O14:Q14) -> 0 | S14: 0 | T14: 0 | V14: =SUM(S14:U14) -> 0 | W14: 0 | X14: 0 | Y14: 0 | Z14: =SUM(W14:Y14) -> 0 | AA14: =(F14+J14+N14+R14+V14+Z14) -> 0 | AB14: kg/hari | AD14: 7 | AE14: 07 | AF14: =(C14+G14+K14+O14+S14+W14) -> 0 | AG14: =(D14+H14+L14+P14+T14+X14) -> 0 | AH14: =(E14+I14+M14+Q14++U14+Y14) -> 0 | AJ14: 7 | AK14: 07 | AL14: =AF14 -> 0 | AM14: =AL14/AA14 -> #DIV/0! | AN14: =AG14 -> 0 | AO14: =AN14/AA14 -> #DIV/0! | AP14: =AH14 -> 0 | AQ14: =AP14/AA14 -> #DIV/0!
A15: 8 | B15: 08 | C15: 215.6 | D15: =(((((2.1+1)*1.3)*1.3)*2)*2)*2 -> 41.912 | E15: 140 | F15: =SUM(C15:E15) -> 397.512 | G15: 1614 | H15: =(((((3.2+2)*1.3)*1.3)*2)*2)*2 -> 70.304 | I15: 560 | J15: =SUM(G15:I15) -> 2244.304 | K15: 91.2 | L15: 16.224 | M15: 50 | N15: =SUM(K15:M15) -> 157.424 | O15: 1618.8 | P15: =(((((4.4+1)*1.3)*1.3)*2)*2)*2 -> 73.008 | Q15: 1200 | R15: =SUM(O15:Q15) -> 2891.808 | S15: 80 | T15: =(((((2+2)*1.3)*1.3)*2)*2)*2 -> 54.08 | U15: 70 | V15: =SUM(S15:U15) -> 204.08 | W15: 120 | X15: 297.44 | Y15: 200 | Z15: =SUM(W15:Y15) -> 617.44 | AA15: =(F15+J15+N15+R15+V15+Z15) -> 6512.568 | AB15: kg/hari | AD15: 8 | AE15: 08 | AF15: =(C15+G15+K15+O15+S15+W15) -> 3739.6 | AG15: =(D15+H15+L15+P15+T15+X15) -> 552.968 | AH15: =(E15+I15+M15+Q15++U15+Y15) -> 2220 | AJ15: 8 | AK15: 08 | AL15: =AF15 -> 3739.6 | AM15: =AL15/AA15 -> 0.57421281 | AN15: =AG15 -> 552.968 | AO15: =AN15/AA15 -> 0.084907827 | AP15: =AH15 -> 2220 | AQ15: =AP15/AA15 -> 0.34087936
A16: 9 | B16: 09 | C16: 216.8 | D16: 24.336 | E16: 85 | F16: =SUM(C16:E16) -> 326.136 | G16: 819.6 | H16: 63.544 | I16: 140 | J16: =SUM(G16:I16) -> 1023.144 | K16: 410.8 | L16: 17.576 | M16: 110 | N16: =SUM(K16:M16) -> 538.376 | O16: 822.4 | P16: 52.728 | Q16: 300 | R16: =SUM(O16:Q16) -> 1175.128 | S16: 60 | T16: =(((((2+1)*1.3)*1.3)*2)*2)*2 -> 40.56 | U16: 80 | V16: =SUM(S16:U16) -> 180.56 | W16: 0 | X16: 297.44 | Y16: 45 | Z16: =SUM(W16:Y16) -> 342.44 | AA16: =(F16+J16+N16+R16+V16+Z16) -> 3585.784 | AB16: kg/hari | AD16: 9 | AE16: 09 | AF16: =(C16+G16+K16+O16+S16+W16) -> 2329.6 | AG16: =(D16+H16+L16+P16+T16+X16) -> 496.184 | AH16: =(E16+I16+M16+Q16++U16+Y16) -> 760 | AJ16: 9 | AK16: 09 | AL16: =AF16 -> 2329.6 | AM16: =AL16/AA16 -> 0.64967661 | AN16: =AG16 -> 496.184 | AO16: =AN16/AA16 -> 0.13837532 | AP16: =AH16 -> 760 | AQ16: =AP16/AA16 -> 0.21194807
A17: 10 | B17: 10 | C17: 178.8 | D17: =(((((4.4+2)*1.3)*1.3)*2)*2)*2 -> 86.528 | E17: 40 | F17: =SUM(C17:E17) -> 305.328 | G17: 420.8 | H17: =(((((1.8+2)*1.3)*1.3)*2)*2)*2 -> 51.376 | I17: 120 | J17: =SUM(G17:I17) -> 592.176 | K17: 412.4 | L17: 13.52 | M17: 115 | N17: =SUM(K17:M17) -> 540.92 | O17: 1212.4 | P17: =(((((0.8+1)*1.3)*1.3)*2)*2)*2 -> 24.336 | Q17: 420 | R17: =SUM(O17:Q17) -> 1656.736 | S17: 80 | T17: =(((((2+3)*1.3)*1.3)*2)*2)*2 -> 67.6 | U17: 80 | V17: =SUM(S17:U17) -> 227.6 | W17: 0 | X17: 297.44 | Y17: 30 | Z17: =SUM(W17:Y17) -> 327.44 | AA17: =(F17+J17+N17+R17+V17+Z17) -> 3650.2 | AB17: kg/hari | AD17: 10 | AE17: 10 | AF17: =(C17+G17+K17+O17+S17+W17) -> 2304.4 | AG17: =(D17+H17+L17+P17+T17+X17) -> 540.8 | AH17: =(E17+I17+M17+Q17++U17+Y17) -> 805 | AJ17: 10 | AK17: 10 | AL17: =AF17 -> 2304.4 | AM17: =AL17/AA17 -> 0.63130787 | AN17: =AG17 -> 540.8 | AO17: =AN17/AA17 -> 0.14815627 | AP17: =AH17 -> 805 | AQ17: =AP17/AA17 -> 0.22053586
A18: 11 | B18: 11 | C18: 172.4 | D18: 21.632 | E18: 35 | F18: =SUM(C18:E18) -> 229.032 | G18: 816.8 | H18: 32.448 | I18: 200 | J18: =SUM(G18:I18) -> 1049.248 | K18: 412.8 | L18: 28.392 | M18: 200 | N18: =SUM(K18:M18) -> 641.192 | O18: 815.6 | P18: =(((((1.4+1)*1.3)*1.3)*2)*2)*2 -> 32.448 | Q18: 300 | R18: =SUM(O18:Q18) -> 1148.048 | S18: 60 | T18: =(((((2+2)*1.3)*1.3)*2)*2)*2 -> 54.08 | U18: 70 | V18: =SUM(S18:U18) -> 184.08 | W18: 120 | X18: 297.44 | Y18: 130 | Z18: =SUM(W18:Y18) -> 547.44 | AA18: =(F18+J18+N18+R18+V18+Z18) -> 3799.04 | AB18: kg/hari | AD18: 11 | AE18: 11 | AF18: =(C18+G18+K18+O18+S18+W18) -> 2397.6 | AG18: =(D18+H18+L18+P18+T18+X18) -> 466.44 | AH18: =(E18+I18+M18+Q18++U18+Y18) -> 935 | AJ18: 11 | AK18: 11 | AL18: =AF18 -> 2397.6 | AM18: =AL18/AA18 -> 0.63110681 | AN18: =AG18 -> 466.44 | AO18: =AN18/AA18 -> 0.12277839 | AP18: =AH18 -> 935 | AQ18: =AP18/AA18 -> 0.24611481
A19: 12 | B19: 12 | C19: 214.8 | D19: =(((((3.4+2)*1.3)*1.3)*2)*2)*2 -> 73.008 | E19: 65 | F19: =SUM(C19:E19) -> 352.808 | G19: 813.2 | H19: =(((((4.8+1)*1.3)*1.3)*2)*2)*2 -> 78.416 | I19: 350 | J19: =SUM(G19:I19) -> 1241.616 | K19: 211.6 | L19: 50.024 | M19: 50 | N19: =SUM(K19:M19) -> 311.624 | O19: 1216 | P19: =(((((0.7+1)*1.3)*1.3)*2)*2)*2 -> 22.984 | Q19: 600 | R19: =SUM(O19:Q19) -> 1838.984 | S19: 80 | T19: =(((((2+2)*1.3)*1.3)*2)*2)*2 -> 54.08 | U19: 90 | V19: =SUM(S19:U19) -> 224.08 | W19: 0 | X19: =(((((22+1)*1.3)*1.3)*2)*2)*2 -> 310.96 | Y19: 55 | Z19: =SUM(W19:Y19) -> 365.96 | AA19: =(F19+J19+N19+R19+V19+Z19) -> 4335.072 | AB19: kg/hari | AD19: 12 | AE19: 12 | AF19: =(C19+G19+K19+O19+S19+W19) -> 2535.6 | AG19: =(D19+H19+L19+P19+T19+X19) -> 589.472 | AH19: =(E19+I19+M19+Q19++U19+Y19) -> 1210 | AJ19: 12 | AK19: 12 | AL19: =AF19 -> 2535.6 | AM19: =AL19/AA19 -> 0.58490378 | AN19: =AG19 -> 589.472 | AO19: =AN19/AA19 -> 0.13597744 | AP19: =AH19 -> 1210 | AQ19: =AP19/AA19 -> 0.27911878
A20: 13 | B20: 13 | C20: 80 | D20: 0 | E20: 10 | F20: =SUM(C20:E20) -> 90 | G20: 200 | H20: 0 | I20: 30 | J20: =SUM(G20:I20) -> 230 | K20: 0 | L20: 0 | N20: =SUM(K20:M20) -> 0 | O20: 0 | P20: 0 | Q20: =[2]Juli!AC18+[1]Juli!AC18+[3]Juli!AC18 -> 180 | R20: =SUM(O20:Q20) -> 180 | S20: 40 | T20: 0 | U20: 20 | V20: =SUM(S20:U20) -> 60 | W20: 0 | X20: 0 | Y20: 30 | Z20: =SUM(W20:Y20) -> 30 | AA20: =(F20+J20+N20+R20+V20+Z20) -> 590 | AB20: kg/hari | AD20: 13 | AE20: 13 | AF20: =(C20+G20+K20+O20+S20+W20) -> 320 | AG20: =(D20+H20+L20+P20+T20+X20) -> 0 | AH20: =(E20+I20+M20+Q20++U20+Y20) -> 270 | AJ20: 13 | AK20: 13 | AL20: =AF20 -> 320 | AM20: =AL20/AA20 -> 0.54237288 | AN20: =AG20 -> 0 | AO20: =AN20/AA20 -> 0 | AP20: =AH20 -> 270 | AQ20: =AP20/AA20 -> 0.45762712
A21: 14 | B21: 14 | C21: 0 | D21: 13.52 | E21: 0 | F21: =SUM(C21:E21) -> 13.52 | G21: 0 | H21: 27.04 | I21: 0 | J21: =SUM(G21:I21) -> 27.04 | K21: 0 | L21: 0 | N21: =SUM(K21:M21) -> 0 | O21: 0 | P21: 0 | Q21: =[2]Juli!AC19+[1]Juli!AC19+[3]Juli!AC19 -> 0 | R21: =SUM(O21:Q21) -> 0 | S21: 0 | T21: 0 | V21: =SUM(S21:U21) -> 0 | W21: 0 | X21: 0 | Y21: 0 | Z21: =SUM(W21:Y21) -> 0 | AA21: =(F21+J21+N21+R21+V21+Z21) -> 40.56 | AB21: kg/hari | AD21: 14 | AE21: 14 | AF21: =(C21+G21+K21+O21+S21+W21) -> 0 | AG21: =(D21+H21+L21+P21+T21+X21) -> 40.56 | AH21: =(E21+I21+M21+Q21++U21+Y21) -> 0 | AJ21: 14 | AK21: 14 | AL21: =AF21 -> 0 | AM21: =AL21/AA21 -> 0 | AN21: =AG21 -> 40.56 | AO21: =AN21/AA21 -> 1 | AP21: =AH21 -> 0 | AQ21: =AP21/AA21 -> 0
A22: 15 | B22: 15 | C22: 100.4 | D22: 9.464 | E22: 10 | F22: =SUM(C22:E22) -> 119.864 | G22: 416.4 | H22: 28.392 | I22: 80 | J22: =SUM(G22:I22) -> 524.792 | K22: 210.8 | L22: 48.672 | M22: 140 | N22: =SUM(K22:M22) -> 399.472 | O22: 420.8 | P22: =(((((4.8+1)*1.3)*1.3)*2)*2)*2 -> 78.416 | Q22: 180 | R22: =SUM(O22:Q22) -> 679.216 | S22: 40 | T22: 40.56 | U22: 20 | V22: =SUM(S22:U22) -> 100.56 | W22: 0 | X22: 270.4 | Y22: 20 | Z22: =SUM(W22:Y22) -> 290.4 | AA22: =(F22+J22+N22+R22+V22+Z22) -> 2114.304 | AB22: kg/hari | AD22: 15 | AE22: 15 | AF22: =(C22+G22+K22+O22+S22+W22) -> 1188.4 | AG22: =(D22+H22+L22+P22+T22+X22) -> 475.904 | AH22: =(E22+I22+M22+Q22++U22+Y22) -> 450 | AJ22: 15 | AK22: 15 | AL22: =AF22 -> 1188.4 | AM22: =AL22/AA22 -> 0.56207622 | AN22: =AG22 -> 475.904 | AO22: =AN22/AA22 -> 0.22508778 | AP22: =AH22 -> 450 | AQ22: =AP22/AA22 -> 0.212836
A23: 16 | B23: 16 | C23: 176.8 | D23: =(((((0.8+2)*1.3)*1.3)*2)*2)*2 -> 37.856 | E23: 30 | F23: =SUM(C23:E23) -> 244.656 | G23: 1021.2 | H23: =(((((0.7+1)*1.3)*1.3)*2)*2)*2 -> 22.984 | I23: 250 | J23: =SUM(G23:I23) -> 1294.184 | K23: 211.2 | L23: 20.28 | M23: 70 | N23: =SUM(K23:M23) -> 301.48 | O23: 1217.2 | P23: 10.816 | Q23: 650 | R23: =SUM(O23:Q23) -> 1878.016 | S23: 120 | T23: 13.52 | U23: 70 | V23: =SUM(S23:U23) -> 203.52 | W23: 0 | X23: 270.4 | Y23: 20 | Z23: =SUM(W23:Y23) -> 290.4 | AA23: =(F23+J23+N23+R23+V23+Z23) -> 4212.256 | AB23: kg/hari | AD23: 16 | AE23: 16 | AF23: =(C23+G23+K23+O23+S23+W23) -> 2746.4 | AG23: =(D23+H23+L23+P23+T23+X23) -> 375.856 | AH23: =(E23+I23+M23+Q23++U23+Y23) -> 1090 | AJ23: 16 | AK23: 16 | AL23: =AF23 -> 2746.4 | AM23: =AL23/AA23 -> 0.65200216 | AN23: =AG23 -> 375.856 | AO23: =AN23/AA23 -> 0.089229145 | AP23: =AH23 -> 1090 | AQ23: =AP23/AA23 -> 0.2587687
A24: 17 | B24: 17 | C24: 175.2 | D24: 16.224 | E24: 45 | F24: =SUM(C24:E24) -> 236.424 | G24: 813.6 | H24: 9.464 | I24: 230 | J24: =SUM(G24:I24) -> 1053.064 | K24: 209.6 | L24: 28.392 | M24: 100 | N24: =SUM(K24:M24) -> 337.992 | O24: 1214 | P24: =(((((0.6+1)*1.3)*1.3)*2)*2)*2 -> 21.632 | Q24: 520 | R24: =SUM(O24:Q24) -> 1755.632 | S24: 80 | T24: 27.04 | U24: 60 | V24: =SUM(S24:U24) -> 167.04 | W24: 0 | X24: =(((((20+1)*1.3)*1.3)*2)*2)*2 -> 283.92 | Y24: 35 | Z24: =SUM(W24:Y24) -> 318.92 | AA24: =(F24+J24+N24+R24+V24+Z24) -> 3869.072 | AB24: kg/hari | AD24: 17 | AE24: 17 | AF24: =(C24+G24+K24+O24+S24+W24) -> 2492.4 | AG24: =(D24+H24+L24+P24+T24+X24) -> 386.672 | AH24: =(E24+I24+M24+Q24++U24+Y24) -> 990 | AJ24: 17 | AK24: 17 | AL24: =AF24 -> 2492.4 | AM24: =AL24/AA24 -> 0.64418548 | AN24: =AG24 -> 386.672 | AO24: =AN24/AA24 -> 0.09993921 | AP24: =AH24 -> 990 | AQ24: =AP24/AA24 -> 0.25587531
A25: 18 | B25: 18 | C25: 214.8 | D25: =(((((0.9+1)*1.3)*1.3)*2)*2)*2 -> 25.688 | E25: 65 | F25: =SUM(C25:E25) -> 305.488 | G25: 1216.8 | H25: =(((((3.3+1)*1.3)*1.3)*2)*2)*2 -> 58.136 | I25: 550 | J25: =SUM(G25:I25) -> 1824.936 | K25: 330 | L25: 20.28 | M25: 120 | N25: =SUM(K25:M25) -> 470.28 | O25: 1214.4 | P25: 37.856 | Q25: 1200 | R25: =SUM(O25:Q25) -> 2452.256 | S25: 120 | T25: 27.04 | U25: 135 | V25: =SUM(S25:U25) -> 282.04 | W25: 80 | X25: 0 | Y25: 120 | Z25: =SUM(W25:Y25) -> 200 | AA25: =(F25+J25+N25+R25+V25+Z25) -> 5535 | AB25: kg/hari | AD25: 18 | AE25: 18 | AF25: =(C25+G25+K25+O25+S25+W25) -> 3176 | AG25: =(D25+H25+L25+P25+T25+X25) -> 169 | AH25: =(E25+I25+M25+Q25++U25+Y25) -> 2190 | AJ25: 18 | AK25: 18 | AL25: =AF25 -> 3176 | AM25: =AL25/AA25 -> 0.57380307 | AN25: =AG25 -> 169 | AO25: =AN25/AA25 -> 0.030532972 | AP25: =AH25 -> 2190 | AQ25: =AP25/AA25 -> 0.39566396
A26: 19 | B26: 19 | C26: 179.2 | D26: =(((((3.4+1)*1.3)*1.3)*2)*2)*2 -> 59.488 | E26: 30 | F26: =SUM(C26:E26) -> 268.688 | G26: 815.2 | H26: 16.224 | I26: 200 | J26: =SUM(G26:I26) -> 1031.424 | K26: 411.2 | L26: 62.192 | M26: 100 | N26: =SUM(K26:M26) -> 573.392 | O26: 1216.8 | P26: =(((((2.3+1)*1.3)*1.3)*2)*2)*2 -> 44.616 | Q26: 1090 | R26: =SUM(O26:Q26) -> 2351.416 | S26: 80 | T26: 27.04 | U26: 60 | V26: =SUM(S26:U26) -> 167.04 | W26: 0 | X26: 0 | Y26: 20 | Z26: =SUM(W26:Y26) -> 20 | AA26: =(F26+J26+N26+R26+V26+Z26) -> 4411.96 | AB26: kg/hari | AD26: 19 | AE26: 19 | AF26: =(C26+G26+K26+O26+S26+W26) -> 2702.4 | AG26: =(D26+H26+L26+P26+T26+X26) -> 209.56 | AH26: =(E26+I26+M26+Q26++U26+Y26) -> 1500 | AJ26: 19 | AK26: 19 | AL26: =AF26 -> 2702.4 | AM26: =AL26/AA26 -> 0.61251689 | AN26: =AG26 -> 209.56 | AO26: =AN26/AA26 -> 0.047498164 | AP26: =AH26 -> 1500 | AQ26: =AP26/AA26 -> 0.33998495
A27: 20 | B27: 20 | C27: 80 | D27: 0 | E27: 15 | F27: =SUM(C27:E27) -> 95 | G27: 400 | H27: 27.04 | I27: 80 | J27: =SUM(G27:I27) -> 507.04 | K27: 0 | L27: 0 | N27: =SUM(K27:M27) -> 0 | O27: 800 | P27: 0 | Q27: 550 | R27: =SUM(O27:Q27) -> 1350 | S27: 40 | T27: 0 | U27: 25 | V27: =SUM(S27:U27) -> 65 | W27: 0 | X27: 13.52 | Y27: 30 | Z27: =SUM(W27:Y27) -> 43.52 | AA27: =(F27+J27+N27+R27+V27+Z27) -> 2060.56 | AB27: kg/hari | AD27: 20 | AE27: 20 | AF27: =(C27+G27+K27+O27+S27+W27) -> 1320 | AG27: =(D27+H27+L27+P27+T27+X27) -> 40.56 | AH27: =(E27+I27+M27+Q27++U27+Y27) -> 700 | AJ27: 20 | AK27: 20 | AL27: =AF27 -> 1320 | AM27: =AL27/AA27 -> 0.64060255 | AN27: =AG27 -> 40.56 | AO27: =AN27/AA27 -> 0.019683969 | AP27: =AH27 -> 700 | AQ27: =AP27/AA27 -> 0.33971348
A28: 21 | B28: 21 | C28: 0 | D28: 0 | E28: 0 | F28: =SUM(C28:E28) -> 0 | G28: 0 | H28: 0 | I28: 0 | J28: =SUM(G28:I28) -> 0 | K28: 0 | L28: 0 | N28: =SUM(K28:M28) -> 0 | O28: 0 | P28: 0 | Q28: 0 | R28: =SUM(O28:Q28) -> 0 | S28: 0 | T28: 0 | V28: =SUM(S28:U28) -> 0 | W28: 0 | X28: 0 | Y28: 0 | Z28: =SUM(W28:Y28) -> 0 | AA28: =(F28+J28+N28+R28+V28+Z28) -> 0 | AB28: kg/hari | AD28: 21 | AE28: 21 | AF28: =(C28+G28+K28+O28+S28+W28) -> 0 | AG28: =(D28+H28+L28+P28+T28+X28) -> 0 | AH28: =(E28+I28+M28+Q28++U28+Y28) -> 0 | AJ28: 21 | AK28: 21 | AL28: =AF28 -> 0 | AM28: =AL28/AA28 -> #DIV/0! | AN28: =AG28 -> 0 | AO28: =AN28/AA28 -> #DIV/0! | AP28: =AH28 -> 0 | AQ28: =AP28/AA28 -> #DIV/0!
A29: 22 | B29: 22 | C29: 142.8 | D29: =(((((1.2+1)*1.3)*1.3)*2)*2)*2 -> 29.744 | E29: 70 | F29: =SUM(C29:E29) -> 242.544 | G29: 813.2 | H29: =(((((0.8+1)*1.3)*1.3)*2)*2)*2 -> 24.336 | I29: 200 | J29: =SUM(G29:I29) -> 1037.536 | K29: 411.6 | L29: 56.784 | M29: 120 | N29: =SUM(K29:M29) -> 588.384 | O29: 1221.2 | P29: 67.6 | Q29: 510 | R29: =SUM(O29:Q29) -> 1798.8 | S29: 160 | T29: 40.56 | U29: 70 | V29: =SUM(S29:U29) -> 270.56 | W29: 0 | X29: 270.4 | Y29: 23 | Z29: =SUM(W29:Y29) -> 293.4 | AA29: =(F29+J29+N29+R29+V29+Z29) -> 4231.224 | AB29: kg/hari | AD29: 22 | AE29: 22 | AF29: =(C29+G29+K29+O29+S29+W29) -> 2748.8 | AG29: =(D29+H29+L29+P29+T29+X29) -> 489.424 | AH29: =(E29+I29+M29+Q29++U29+Y29) -> 993 | AJ29: 22 | AK29: 22 | AL29: =AF29 -> 2748.8 | AM29: =AL29/AA29 -> 0.64964653 | AN29: =AG29 -> 489.424 | AO29: =AN29/AA29 -> 0.1156696 | AP29: =AH29 -> 993 | AQ29: =AP29/AA29 -> 0.23468386
A30: 23 | B30: 23 | C30: 134.8 | D30: 154.128 | E30: 55 | F30: =SUM(C30:E30) -> 343.928 | G30: 817.6 | H30: 13.52 | I30: 240 | J30: =SUM(G30:I30) -> 1071.12 | K30: 212.8 | L30: 20.28 | M30: 150 | N30: =SUM(K30:M30) -> 383.08 | O30: 815.6 | P30: =(((((1.2+1)*1.3)*1.3)*2)*2)*2 -> 29.744 | Q30: 400 | R30: =SUM(O30:Q30) -> 1245.344 | S30: 60 | T30: 40.56 | U30: 80 | V30: =SUM(S30:U30) -> 180.56 | W30: 0 | X30: 270.4 | Y30: 20 | Z30: =SUM(W30:Y30) -> 290.4 | AA30: =(F30+J30+N30+R30+V30+Z30) -> 3514.432 | AB30: kg/hari | AD30: 23 | AE30: 23 | AF30: =(C30+G30+K30+O30+S30+W30) -> 2040.8 | AG30: =(D30+H30+L30+P30+T30+X30) -> 528.632 | AH30: =(E30+I30+M30+Q30++U30+Y30) -> 945 | AJ30: 23 | AK30: 23 | AL30: =AF30 -> 2040.8 | AM30: =AL30/AA30 -> 0.58069128 | AN30: =AG30 -> 528.632 | AO30: =AN30/AA30 -> 0.15041748 | AP30: =AH30 -> 945 | AQ30: =AP30/AA30 -> 0.26889125
A31: 24 | B31: 24 | C31: 93.6 | D31: 10.816 | E31: 20 | F31: =SUM(C31:E31) -> 124.416 | G31: 420.4 | H31: 13.52 | I31: 100 | J31: =SUM(G31:I31) -> 533.92 | K31: 54 | L31: 12.168 | M31: 150 | N31: =SUM(K31:M31) -> 216.168 | O31: 815.6 | P31: 17.576 | Q31: 250 | R31: =SUM(O31:Q31) -> 1083.176 | S31: 40 | T31: 40.56 | U31: 40 | V31: =SUM(S31:U31) -> 120.56 | W31: 100 | X31: =(((((20+1)*1.3)*1.3)*2)*2)*2 -> 283.92 | Y31: 80 | Z31: =SUM(W31:Y31) -> 463.92 | AA31: =(F31+J31+N31+R31+V31+Z31) -> 2542.16 | AB31: kg/hari | AD31: 24 | AE31: 24 | AF31: =(C31+G31+K31+O31+S31+W31) -> 1523.6 | AG31: =(D31+H31+L31+P31+T31+X31) -> 378.56 | AH31: =(E31+I31+M31+Q31++U31+Y31) -> 640 | AJ31: 24 | AK31: 24 | AL31: =AF31 -> 1523.6 | AM31: =AL31/AA31 -> 0.59933285 | AN31: =AG31 -> 378.56 | AO31: =AN31/AA31 -> 0.14891274 | AP31: =AH31 -> 640 | AQ31: =AP31/AA31 -> 0.25175441
A32: 25 | B32: 25 | C32: 136.8 | D32: =(((((1.4+1)*1.3)*1.3)*2)*2)*2 -> 32.448 | E32: 30 | F32: =SUM(C32:E32) -> 199.248 | G32: 215.6 | H32: =(((((2.3+1)*1.3)*1.3)*2)*2)*2 -> 44.616 | I32: 82 | J32: =SUM(G32:I32) -> 342.216 | K32: 291.2 | L32: 10.816 | M32: 80 | N32: =SUM(K32:M32) -> 382.016 | O32: 820 | P32: =(((((1.9+1)*1.3)*1.3)*2)*2)*2 -> 39.208 | Q32: 360 | R32: =SUM(O32:Q32) -> 1219.208 | S32: 80 | T32: 13.52 | U32: 40 | V32: =SUM(S32:U32) -> 133.52 | W32: 0 | X32: 0 | Y32: 47 | Z32: =SUM(W32:Y32) -> 47 | AA32: =(F32+J32+N32+R32+V32+Z32) -> 2323.208 | AB32: kg/hari | AD32: 25 | AE32: 25 | AF32: =(C32+G32+K32+O32+S32+W32) -> 1543.6 | AG32: =(D32+H32+L32+P32+T32+X32) -> 140.608 | AH32: =(E32+I32+M32+Q32++U32+Y32) -> 639 | AJ32: 25 | AK32: 25 | AL32: =AF32 -> 1543.6 | AM32: =AL32/AA32 -> 0.66442609 | AN32: =AG32 -> 140.608 | AO32: =AN32/AA32 -> 0.060523208 | AP32: =AH32 -> 639 | AQ32: =AP32/AA32 -> 0.27505071
A33: 26 | B33: 26 | C33: 215.2 | D33: 8.112 | E33: 50 | F33: =SUM(C33:E33) -> 273.312 | G33: 814 | H33: 25.688 | I33: 250 | J33: =SUM(G33:I33) -> 1089.688 | K33: 172 | L33: 32.448 | M33: 69 | N33: =SUM(K33:M33) -> 273.448 | O33: 817.2 | P33: 14.872 | Q33: 450 | R33: =SUM(O33:Q33) -> 1282.072 | S33: 120 | T33: 40.56 | U33: 50 | V33: =SUM(S33:U33) -> 210.56 | W33: 0 | X33: 13.52 | Y33: 25 | Z33: =SUM(W33:Y33) -> 38.52 | AA33: =(F33+J33+N33+R33+V33+Z33) -> 3167.6 | AB33: kg/hari | AD33: 26 | AE33: 26 | AF33: =(C33+G33+K33+O33+S33+W33) -> 2138.4 | AG33: =(D33+H33+L33+P33+T33+X33) -> 135.2 | AH33: =(E33+I33+M33+Q33++U33+Y33) -> 894 | AJ33: 26 | AK33: 26 | AL33: =AF33 -> 2138.4 | AM33: =AL33/AA33 -> 0.67508524 | AN33: =AG33 -> 135.2 | AO33: =AN33/AA33 -> 0.042682157 | AP33: =AH33 -> 894 | AQ33: =AP33/AA33 -> 0.28223261
A34: 27 | B34: 27 | C34: 40 | D34: 67.6 | E34: 10 | F34: =SUM(C34:E34) -> 117.6 | G34: 160 | H34: 13.52 | I34: 30 | J34: =SUM(G34:I34) -> 203.52 | K34: 0 | L34: 0 | N34: =SUM(K34:M34) -> 0 | O34: 200 | P34: 13.52 | Q34: 150 | R34: =SUM(O34:Q34) -> 363.52 | S34: 20 | T34: 0 | U34: 20 | V34: =SUM(S34:U34) -> 40 | W34: 0 | X34: 0 | Y34: 21 | Z34: =SUM(W34:Y34) -> 21 | AA34: =(F34+J34+N34+R34+V34+Z34) -> 745.64 | AB34: kg/hari | AD34: 27 | AE34: 27 | AF34: =(C34+G34+K34+O34+S34+W34) -> 420 | AG34: =(D34+H34+L34+P34+T34+X34) -> 94.64 | AH34: =(E34+I34+M34+Q34++U34+Y34) -> 231 | AJ34: 27 | AK34: 27 | AL34: =AF34 -> 420 | AM34: =AL34/AA34 -> 0.5632745 | AN34: =AG34 -> 94.64 | AO34: =AN34/AA34 -> 0.12692452 | AP34: =AH34 -> 231 | AQ34: =AP34/AA34 -> 0.30980098
A35: 28 | B35: 28 | C35: 0 | D35: 27.04 | E35: =[1]Juli!O33+[2]Juli!O33+[3]Juli!O33 -> 0 | F35: =SUM(C35:E35) -> 27.04 | G35: 0 | H35: 0 | I35: 0 | J35: =SUM(G35:I35) -> 0 | K35: 0 | L35: 0 | N35: =SUM(K35:M35) -> 0 | O35: 0 | P35: 0 | Q35: 0 | R35: =SUM(O35:Q35) -> 0 | S35: 0 | T35: 0 | V35: =SUM(S35:U35) -> 0 | W35: 0 | X35: 0 | Y35: 0 | Z35: =SUM(W35:Y35) -> 0 | AA35: =(F35+J35+N35+R35+V35+Z35) -> 27.04 | AB35: kg/hari | AD35: 28 | AE35: 28 | AF35: =(C35+G35+K35+O35+S35+W35) -> 0 | AG35: =(D35+H35+L35+P35+T35+X35) -> 27.04 | AH35: =(E35+I35+M35+Q35++U35+Y35) -> 0 | AJ35: 28 | AK35: 28 | AL35: =AF35 -> 0 | AM35: =AL35/AA35 -> 0 | AN35: =AG35 -> 27.04 | AO35: =AN35/AA35 -> 1 | AP35: =AH35 -> 0 | AQ35: =AP35/AA35 -> 0
A36: 29 | B36: 29 | C36: 179.6 | D36: 9.464 | E36: 50 | F36: =SUM(C36:E36) -> 239.064 | G36: 1018.4 | H36: =(((((0.8+1)*1.3)*1.3)*2)*2)*2 -> 24.336 | I36: 300 | J36: =SUM(G36:I36) -> 1342.736 | K36: 251.6 | L36: 18.928 | M36: 60 | N36: =SUM(K36:M36) -> 330.528 | O36: 1216.4 | P36: 35.152 | Q36: 1000 | R36: =SUM(O36:Q36) -> 2251.552 | S36: 160 | T36: 40.56 | U36: 60 | V36: =SUM(S36:U36) -> 260.56 | W36: 20 | X36: =(((((20+1)*1.3)*1.3)*2)*2)*2 -> 283.92 | Y36: 20 | Z36: =SUM(W36:Y36) -> 323.92 | AA36: =(F36+J36+N36+R36+V36+Z36) -> 4748.36 | AB36: kg/hari | AD36: 29 | AE36: 29 | AF36: =(C36+G36+K36+O36+S36+W36) -> 2846 | AG36: =(D36+H36+L36+P36+T36+X36) -> 412.36 | AH36: =(E36+I36+M36+Q36++U36+Y36) -> 1490 | AJ36: 29 | AK36: 29 | AL36: =AF36 -> 2846 | AM36: =AL36/AA36 -> 0.59936483 | AN36: =AG36 -> 412.36 | AO36: =AN36/AA36 -> 0.086842615 | AP36: =AH36 -> 1490 | AQ36: =AP36/AA36 -> 0.31379255
A37: 30 | B37: 30 | C37: 134.8 | D37: 27.04 | E37: 40 | F37: =SUM(C37:E37) -> 201.84 | G37: 821.2 | H37: 10.816 | I37: 290 | J37: =SUM(G37:I37) -> 1122.016 | K37: 415.2 | L37: 16.224 | M37: 100 | N37: =SUM(K37:M37) -> 531.424 | O37: 1212 | P37: =(((((0.8+1)*1.3)*1.3)*2)*2)*2 -> 24.336 | Q37: 500 | R37: =SUM(O37:Q37) -> 1736.336 | S37: 40 | T37: 27.04 | U37: 50 | V37: =SUM(S37:U37) -> 117.04 | W37: 20 | X37: 270.4 | Y37: 20 | Z37: =SUM(W37:Y37) -> 310.4 | AA37: =(F37+J37+N37+R37+V37+Z37) -> 4019.056 | AB37: kg/hari | AD37: 30 | AE37: 30 | AF37: =(C37+G37+K37+O37+S37+W37) -> 2643.2 | AG37: =(D37+H37+L37+P37+T37+X37) -> 375.856 | AH37: =(E37+I37+M37+Q37++U37+Y37) -> 1000 | AJ37: 30 | AK37: 30 | AL37: =AF37 -> 2643.2 | AM37: =AL37/AA37 -> 0.65766688 | AN37: =AG37 -> 375.856 | AO37: =AN37/AA37 -> 0.093518478 | AP37: =AH37 -> 1000 | AQ37: =AP37/AA37 -> 0.24881465
A38: 31 | B38: 31 | C38: 135.2 | D38: =(((((1.2+1)*1.3)*1.3)*2)*2)*2 -> 29.744 | E38: 50 | F38: =SUM(C38:E38) -> 214.944 | G38: 1219.6 | H38: 8.112 | I38: 360 | J38: =SUM(G38:I38) -> 1587.712 | K38: 16.8 | L38: 10.816 | N38: =SUM(K38:M38) -> 27.616 | O38: 338.8 | P38: 22.984 | Q38: 1000 | R38: =SUM(O38:Q38) -> 1361.784 | S38: 80 | T38: 54.08 | U38: 80 | V38: =SUM(S38:U38) -> 214.08 | W38: 0 | X38: 270.4 | Y38: 20 | Z38: =SUM(W38:Y38) -> 290.4 | AA38: =(F38+J38+N38+R38+V38+Z38) -> 3696.536 | AB38: kg/hari | AD38: 31 | AE38: 31 | AF38: =(C38+G38+K38+O38+S38+W38) -> 1790.4 | AG38: =(D38+H38+L38+P38+T38+X38) -> 396.136 | AH38: =(E38+I38+M38+Q38++U38+Y38) -> 1510 | AJ38: 31 | AK38: 31 | AL38: =AF38 -> 1790.4 | AM38: =AL38/AA38 -> 0.48434534 | AN38: =AG38 -> 396.136 | AO38: =AN38/AA38 -> 0.10716411 | AP38: =AH38 -> 1510 | AQ38: =AP38/AA38 -> 0.40849054
A39: Total/jenis (kg/bulan) | C39: =SUM(C8:C38) -> 4518 | D39: =SUM(D8:D38) -> 1032.928 | E39: =SUM(E8:E38) -> 1395 | F39: =SUM(F8:F38) -> 6945.928 | G39: =SUM(G8:G38) -> 20472 | H39: =SUM(H8:H38) -> 980.2 | I39: =SUM(I8:I38) -> 6012 | J39: =SUM(J8:J38) -> 27464.2 | ... AA39: =SUM(AA8:AA38) -> 96789.368 | AB39: kg/bulan | AD39: Total Jenis Sampah Terpilah (kg/bulan) | AF39: =SUM(AF8:AF38) -> 59464.4 | AG39: =SUM(AG8:AG38) -> 10354.968 | AH39: =SUM(AH8:AH38) -> 26970 | AJ39: Total Pengelolaan Sampah(kg/bulan) | AL39: =SUM(AL8:AL38) -> 59464.4 | AM39: - | AN39: =SUM(AN8:AN38) -> 10354.968 | AO39: - | AP39: =SUM(AP8:AP38) -> 26970 | AQ39: -
A40: Total/jenis (ton/bulan) | C40: =C39/1000 -> 4.518 | D40: =D39/1000 -> 1.032928 | E40: =E39/1000 -> 1.395 | F40: =F39/1000 -> 6.945928 | G40: =G39/1000 -> 20.472 | H40: =H39/1000 -> 0.9802 | I40: =I39/1000 -> 6.012 | J40: =J39/1000 -> 27.4642 | ... AA40: =AA39/1000 -> 96.789368 | AB40: ton/bulan | AD40: Total Jenis Sampah Terpilah (ton/bulan) | AF40: =AF39/1000 -> 59.4644 | AG40: =AG39/1000 -> 10.354968 | AH40: =AH39/1000 -> 26.97 | AJ40: Total Sampah terkelola (ton/bulan) | AL40: =AL39/1000 -> 59.4644 | AM40: =AL40/AA40 -> 0.61436913 | AN40: =AN39/1000 -> 10.354968 | AO40: =AN40/AA40 -> 0.10698456 | AP40: =AP39/1000 -> 26.97 | AQ40: =AP40/AA40 -> 0.27864631
A41: Rata-rata perhari (kg/hari) | C41: =_xlfn.AGGREGATE(1,7,C8:C38) -> 145.74194 | D41: =_xlfn.AGGREGATE(1,7,D8:D38) -> 33.320258 | E41: =_xlfn.AGGREGATE(1,7,E8:E38) -> 45 | F41: =AVERAGEIF(F8:F38,">0") -> 239.51476 | G41: =_xlfn.AGGREGATE(1,7,G8:G38) -> 660.3871 | H41: =_xlfn.AGGREGATE(1,7,H8:H38) -> 31.619355 | I41: =_xlfn.AGGREGATE(1,7,I8:I38) -> 193.93548 | J41: =AVERAGEIF(J8:J38,">0") -> 980.86429 | K41: =_xlfn.AGGREGATE(1,7,K8:K38) -> 161.50968 | L41: =_xlfn.AGGREGATE(1,7,L8:L38) -> 18.317419 | M41: =_xlfn.AGGREGATE(1,7,M8:M38) -> 101.61111 | N41: =AVERAGEIF(N8:N38,">0") -> 321.89739 | O41: =_xlfn.AGGREGATE(1,7,O8:O38) -> 855.08387 | P41: =_xlfn.AGGREGATE(1,7,P8:P38) -> 29.656774 | Q41: =_xlfn.AGGREGATE(1,7,Q8:Q38) -> 469.67742 | R41: =AVERAGEIF(R8:R38,">0") -> 1555.0726 | S41: =_xlfn.AGGREGATE(1,7,S8:S38) -> 72.258065 | T41: =_xlfn.AGGREGATE(1,7,T8:T38) -> 33.145806 | U41: =_xlfn.AGGREGATE(1,7,U8:U38) -> 64.444444 | V41: =AVERAGEIF(V8:V38,">0") -> 185.4637 | W41: =_xlfn.AGGREGATE(1,7,W8:W38) -> 23.225806 | X41: =_xlfn.AGGREGATE(1,7,X8:X38) -> 187.97161 | Y41: =_xlfn.AGGREGATE(1,7,Y8:Y38) -> 46.258065 | Z41: =AVERAGEIF(Z8:Z38,">0") -> 295.59704 | AA41: =AVERAGEIF(AA8:AA38,">0") -> 3337.5644 | AB41: rata2 perhari (kg/hari) | AD41: Rata-rata Jenis Sampah Terpilah perhari (kg/hari) | AF41: =AVERAGEIF(AF8:AF38,">0") -> 2202.3852 | AG41: =AVERAGEIF(AG8:AG38,">0") -> 369.82029 | AH41: =AVERAGEIF(AH8:AH38,">0") -> 998.88889 | AJ41: Rata-rata Sampah Terkelola perhari (kg/hari) | AL41: =AVERAGEIF(AL8:AL38,">0") -> 2202.3852 | AM41: - | AN41: =AVERAGEIF(AN8:AN38,">0") -> 369.82029 | AO41: - | AP41: =AVERAGEIF(AP8:AP38,">0") -> 998.88889 | AQ41: -
C45: Keterangan:
D46: : Data di isi sesuai kondisi riil dilapangan.
D47: : Perhitungan Otomatis
D48: : Perhitungan Otomatis
D49: : Perhitungan Otomatis
D50: : Perhitungan Otomatis
D51: : Perhitungan Otomatis

Sheet Agustus
A1: Perusahaan : | B1: ='Rekap Neraca Pengelolaan Sampah'!C3 -> PT PELINDO DAYA SEJAHTERA
A2: Tahun | B2: ='Rekap Neraca Pengelolaan Sampah'!D2 -> 2024
A3: Bulan: | B3: Agustus | C3: REKAMAN TIMBULAN SAMPAH | G3: REKAMAN TIMBULAN SAMPAH | K3: REKAMAN TIMBULAN SAMPAH | O3: REKAMAN TIMBULAN SAMPAH | S3: REKAMAN TIMBULAN SAMPAH | W3: REKAMAN TIMBULAN SAMPAH | AA3: TOTAL TIMBULAN SAMPAH DI SELURUH AREA | AB3: Satuan | AD3: REKAMAN REKAP JUMLAH SAMPAH BERDASARKAN | AJ3: REKAMAN REKAP JUMLAH PENGELOLAAN SAMPAH
A4: No | B4: Tanggal | C4: (kg/hari) | G4: (kg/hari) | K4: (kg/hari) | O4: (kg/hari) | S4: (kg/hari) | W4: (kg/hari) | AD4: JENIS SAMPAH TERPILAH | AJ4: DI SELURUH AREA
C5: Sumber sampah | G5: Sumber sampah | K5: Sumber sampah | O5: Sumber sampah | S5: Sumber sampah | W5: Sumber sampah | AD5: (kg/hari) | AJ5: Bulan : | AK5: =B3 -> Agustus | AL5: Tahun : | AM5: =B4 -> Tanggal
C6: Area Kantor | G6: Area Tempat Parkir/Taman/Jalan | K6: Area Ruang Tunggu | O6: Area Tempat Makan | S6: Sampah Kapal (Khusus Pelabuhan) | W6: Area Lain (sebutkan jika ada) | AD6: Bulan : | AE6: =B3 -> Agustus | AF6: Tahun : | AG6: =B4 -> Tanggal | AJ6: Sampah Terkelola (kg/hari)
C7: Sampah Organik Terpilah | D7: Sampah Anorganik Terpilah | E7: Sampah Lainnya dan/atau Residu | F7: Total Timbulan Sampah | G7: Sampah Organik Terpilah | H7: Sampah Anorganik Terpilah | I7: Sampah Lainnya dan/atau Residu | J7: Total Timbulan Sampah | K7: Sampah Organik Terpilah | L7: Sampah Anorganik Terpilah | M7: Sampah Lainnya dan/atau Residu | N7: Total Timbulan Sampah | O7: Sampah Organik Terpilah | P7: Sampah Anorganik Terpilah | Q7: Sampah Lainnya dan/atau Residu | R7: Total Timbulan Sampah | S7: Sampah Organik Terpilah | T7: Sampah Anorganik Terpilah | U7: Sampah Lainnya dan/atau Residu | V7: Total Timbulan Sampah | W7: Sampah Organik Terpilah | X7: Sampah Anorganik Terpilah | Y7: Sampah Lainnya dan/atau Residu | Z7: Total Timbulan Sampah | AD7: No. | AE7: Tanggal | AF7: Jumlah Sampah Organik | AG7: Jumlah Sampah Anorganik | AH7: Jumlah Sampah Residu ke TPA | AJ7: No. | AK7: Tanggal | AL7: Kompos / Pakan Ternak | AM7: Prosentase Kompos/pakan ternak | AN7: Bank Sampah / TPS3R / PDU | AO7: Prosentase Bank Sampah / TPS3R / PDU | AP7: Sampah Residu yang diangkut ke TPA | AQ7: Prosentase Sampah Residu yang diangkut ke TPA
A8: 1 | B8: 01 | C8: 1214 | D8: =((((1+1)*1.3)*1.3)*2)*2 -> 13.52 | E8: 130 | F8: =SUM(C8:E8) -> 1357.52 | G8: 810 | H8: =((((8.8+1)*1.3)*1.3)*2)*2 -> 66.248 | I8: 500 | J8: =SUM(G8:I8) -> 1376.248 | K8: 22.8 | L8: 10.14 | N8: =SUM(K8:M8) -> 32.94 | O8: 1220.4 | P8: =((((46+1)*1.3)*1.3)*2)*2 -> 317.72 | Q8: 900 | R8: =SUM(O8:Q8) -> 2438.12 | S8: 320 | T8: =((((3+3)*1.3)*1.3)*2)*2 -> 40.56 | U8: 180 | V8: =SUM(S8:U8) -> 540.56 | W8: 100 | X8: 20.28 | Y8: 75 | Z8: =SUM(W8:Y8) -> 195.28 | AA8: =(F8+J8+N8+R8+V8+Z8) -> 5940.668 | AB8: kg/hari | AD8: 1 | AE8: 01 | AF8: =(C8+G8+K8+O8+S8+W8) -> 3687.2 | AG8: =(D8+H8+L8+P8+T8+X8) -> 468.468 | AH8: =(E8+I8+M8+Q8++U8+Y8) -> 1785 | AJ8: 1 | AK8: 01 | AL8: =AF8 -> 3687.2 | AM8: =AL8/AA8 -> 0.62067094 | AN8: =AG8 -> 468.468 | AO8: =AN8/AA8 -> 0.078857798 | AP8: =AH8 -> 1785 | AQ8: =AP8/AA8 -> 0.30047126
A9: 2 | B9: 02 | C9: 211.6 | D9: =((((1+1)*1.3)*1.3)*2)*2 -> 13.52 | E9: 105 | F9: =SUM(C9:E9) -> 330.12 | G9: 1018 | H9: 31.096 | I9: 450 | J9: =SUM(G9:I9) -> 1499.096 | K9: 19.2 | L9: 9.464 | N9: =SUM(K9:M9) -> 28.664 | O9: 819.2 | P9: 302.172 | Q9: 600 | R9: =SUM(O9:Q9) -> 1721.372 | S9: 120 | T9: =((((2+2)*1.3)*1.3)*2)*2 -> 27.04 | U9: 100 | V9: =SUM(S9:U9) -> 247.04 | W9: 0 | X9: 20.28 | Z9: =SUM(W9:Y9) -> 20.28 | AA9: =(F9+J9+N9+R9+V9+Z9) -> 3846.572 | AB9: kg/hari | AD9: 2 | AE9: 02 | AF9: =(C9+G9+K9+O9+S9+W9) -> 2188 | AG9: =(D9+H9+L9+P9+T9+X9) -> 403.572 | AH9: =(E9+I9+M9+Q9++U9+Y9) -> 1255 | AJ9: 2 | AK9: 02 | AL9: =AF9 -> 2188 | AM9: =AL9/AA9 -> 0.56881816 | AN9: =AG9 -> 403.572 | AO9: =AN9/AA9 -> 0.10491731 | AP9: =AH9 -> 1255 | AQ9: =AP9/AA9 -> 0.32626453
A10: 3 | B10: 03 | C10: 160 | D10: 0 | E10: 100 | F10: =SUM(C10:E10) -> 260 | G10: 200 | H10: 6.76 | I10: 150 | J10: =SUM(G10:I10) -> 356.76 | K10: 0 | L10: 0 | N10: =SUM(K10:M10) -> 0 | O10: 0 | P10: 0 | Q10: 0 | R10: =SUM(O10:Q10) -> 0 | S10: 0 | T10: 0 | V10: =SUM(S10:U10) -> 0 | W10: 0 | X10: 6.76 | Z10: =SUM(W10:Y10) -> 6.76 | AA10: =(F10+J10+N10+R10+V10+Z10) -> 623.52 | AB10: kg/hari | AD10: 3 | AE10: 03 | AF10: =(C10+G10+K10+O10+S10+W10) -> 360 | AG10: =(D10+H10+L10+P10+T10+X10) -> 13.52 | AH10: =(E10+I10+M10+Q10++U10+Y10) -> 250 | AJ10: 3 | AK10: 03 | AL10: =AF10 -> 360 | AM10: =AL10/AA10 -> 0.57736721 | AN10: =AG10 -> 13.52 | AO10: =AN10/AA10 -> 0.021683346 | AP10: =AH10 -> 250 | AQ10: =AP10/AA10 -> 0.40094945
A11: 4 | B11: 04 | C11: 0 | D11: 6.76 | E11: =[2]Agustus!O9+[1]Agustus!O9+[3]Agustus!O9 -> 0 | F11: =SUM(C11:E11) -> 6.76 | G11: 0 | H11: 0 | I11: 0 | J11: =SUM(G11:I11) -> 0 | K11: 0 | L11: 0 | N11: =SUM(K11:M11) -> 0 | O11: 0 | P11: 0 | Q11: 0 | R11: =SUM(O11:Q11) -> 0 | S11: 0 | T11: 0 | V11: =SUM(S11:U11) -> 0 | W11: 0 | X11: 0 | Z11: =SUM(W11:Y11) -> 0 | AA11: =(F11+J11+N11+R11+V11+Z11) -> 6.76 | AB11: kg/hari | AD11: 4 | AE11: 04 | AF11: =(C11+G11+K11+O11+S11+W11) -> 0 | AG11: =(D11+H11+L11+P11+T11+X11) -> 6.76 | AH11: =(E11+I11+M11+Q11++U11+Y11) -> 0 | AJ11: 4 | AK11: 04 | AL11: =AF11 -> 0 | AM11: =AL11/AA11 -> 0 | AN11: =AG11 -> 6.76 | AO11: =AN11/AA11 -> 1 | AP11: =AH11 -> 0 | AQ11: =AP11/AA11 -> 0
A12: 5 | B12: 05 | C12: 134.8 | D12: 16.9 | E12: 40 | F12: =SUM(C12:E12) -> 191.7 | G12: 214 | H12: =((((6.2+1)*1.3)*1.3)*2)*2 -> 48.672 | I12: 150 | J12: =SUM(G12:I12) -> 412.672 | K12: 15.6 | L12: 12.844 | N12: =SUM(K12:M12) -> 28.444 | O12: 815.6 | P12: =((((43.5+1)*1.3)*1.3)*2)*2 -> 300.82 | Q12: 300 | R12: =SUM(O12:Q12) -> 1416.42 | S12: 80 | T12: =((((2+3)*1.3)*1.3)*2)*2 -> 33.8 | U12: 90 | V12: =SUM(S12:U12) -> 203.8 | W12: 0 | X12: 13.52 | Y12: 5 | Z12: =SUM(W12:Y12) -> 18.52 | AA12: =(F12+J12+N12+R12+V12+Z12) -> 2271.556 | AB12: kg/hari | AD12: 5 | AE12: 05 | AF12: =(C12+G12+K12+O12+S12+W12) -> 1260 | AG12: =(D12+H12+L12+P12+T12+X12) -> 426.556 | AH12: =(E12+I12+M12+Q12++U12+Y12) -> 585 | AJ12: 5 | AK12: 05 | AL12: =AF12 -> 1260 | AM12: =AL12/AA12 -> 0.55468586 | AN12: =AG12 -> 426.556 | AO12: =AN12/AA12 -> 0.18778142 | AP12: =AH12 -> 585 | AQ12: =AP12/AA12 -> 0.25753272
A13: 6 | B13: 06 | C13: 89.2 | D13: =((((2.2+1)*1.3)*1.3)*2)*2 -> 21.632 | E13: 30 | F13: =SUM(C13:E13) -> 140.832 | G13: 418 | H13: 33.8 | I13: 250 | J13: =SUM(G13:I13) -> 701.8 | K13: 216.4 | L13: 13.52 | M13: 170 | N13: =SUM(K13:M13) -> 399.92 | O13: 816.8 | P13: 305.552 | Q13: 500 | R13: =SUM(O13:Q13) -> 1622.352 | S13: 120 | T13: =((((2+3)*1.3)*1.3)*2)*2 -> 33.8 | U13: 70 | V13: =SUM(S13:U13) -> 223.8 | W13: 0 | X13: 13.52 | Y13: 5 | Z13: =SUM(W13:Y13) -> 18.52 | AA13: =(F13+J13+N13+R13+V13+Z13) -> 3107.224 | AB13: kg/hari | AD13: 6 | AE13: 06 | AF13: =(C13+G13+K13+O13+S13+W13) -> 1660.4 | AG13: =(D13+H13+L13+P13+T13+X13) -> 421.824 | AH13: =(E13+I13+M13+Q13++U13+Y13) -> 1025 | AJ13: 6 | AK13: 06 | AL13: =AF13 -> 1660.4 | AM13: =AL13/AA13 -> 0.53436765 | AN13: =AG13 -> 421.824 | AO13: =AN13/AA13 -> 0.1357559 | AP13: =AH13 -> 1025 | AQ13: =AP13/AA13 -> 0.32987644
A14: 7 | B14: 07 | C14: 211.2 | D14: =((((4.4+1)*1.3)*1.3)*2)*2 -> 36.504 | E14: 140 | F14: =SUM(C14:E14) -> 387.704 | G14: 414 | H14: =((((4.4+1)*1.3)*1.3)*2)*2 -> 36.504 | I14: 250 | J14: =SUM(G14:I14) -> 700.504 | K14: 418 | L14: 33.8 | M14: 110 | N14: =SUM(K14:M14) -> 561.8 | O14: 621.6 | P14: =((((44.6+1)*1.3)*1.3)*2)*2 -> 308.256 | Q14: 500 | R14: =SUM(O14:Q14) -> 1429.856 | S14: 200 | T14: =((((2+4)*1.3)*1.3)*2)*2 -> 40.56 | U14: 80 | V14: =SUM(S14:U14) -> 320.56 | W14: 200 | X14: 13.52 | Y14: 155 | Z14: =SUM(W14:Y14) -> 368.52 | AA14: =(F14+J14+N14+R14+V14+Z14) -> 3768.944 | AB14: kg/hari | AD14: 7 | AE14: 07 | AF14: =(C14+G14+K14+O14+S14+W14) -> 2064.8 | AG14: =(D14+H14+L14+P14+T14+X14) -> 469.144 | AH14: =(E14+I14+M14+Q14++U14+Y14) -> 1235 | AJ14: 7 | AK14: 07 | AL14: =AF14 -> 2064.8 | AM14: =AL14/AA14 -> 0.54784576 | AN14: =AG14 -> 469.144 | AO14: =AN14/AA14 -> 0.12447625 | AP14: =AH14 -> 1235 | AQ14: =AP14/AA14 -> 0.32767799
A15: 8 | B15: 08 | C15: 212.4 | D15: 15.548 | E15: 55 | F15: =SUM(C15:E15) -> 282.948 | G15: 415.2 | H15: 31.772 | I15: 330 | J15: =SUM(G15:I15) -> 776.972 | K15: 14 | L15: 16.224 | N15: =SUM(K15:M15) -> 30.224 | O15: 414.4 | P15: =((((45.8+1)*1.3)*1.3)*2)*2 -> 316.368 | Q15: 400 | R15: =SUM(O15:Q15) -> 1130.768 | S15: 40 | T15: =((((1+2)*1.3)*1.3)*2)*2 -> 20.28 | U15: 60 | V15: =SUM(S15:U15) -> 120.28 | W15: 160 | X15: 6.76 | Y15: 125 | Z15: =SUM(W15:Y15) -> 291.76 | AA15: =(F15+J15+N15+R15+V15+Z15) -> 2632.952 | AB15: kg/hari | AD15: 8 | AE15: 08 | AF15: =(C15+G15+K15+O15+S15+W15) -> 1256 | AG15: =(D15+H15+L15+P15+T15+X15) -> 406.952 | AH15: =(E15+I15+M15+Q15++U15+Y15) -> 970 | AJ15: 8 | AK15: 08 | AL15: =AF15 -> 1256 | AM15: =AL15/AA15 -> 0.4770311 | AN15: =AG15 -> 406.952 | AO15: =AN15/AA15 -> 0.15456112 | AP15: =AH15 -> 970 | AQ15: =AP15/AA15 -> 0.36840778
A16: 9 | B16: 09 | C16: 135.2 | D16: =((((2.5+1)*1.3)*1.3)*2)*2 -> 23.66 | E16: 100 | F16: =SUM(C16:E16) -> 258.86 | G16: 416.8 | H16: =((((1.9+1)*1.3)*1.3)*2)*2 -> 19.604 | I16: 320 | J16: =SUM(G16:I16) -> 756.404 | K16: 424.4 | L16: 9.464 | M16: 180 | N16: =SUM(K16:M16) -> 613.864 | O16: 817.2 | P16: 288.652 | Q16: 400 | R16: =SUM(O16:Q16) -> 1505.852 | S16: 120 | T16: =((((1+2)*1.3)*1.3)*2)*2 -> 20.28 | U16: 60 | V16: =SUM(S16:U16) -> 200.28 | W16: 0 | X16: 0 | Z16: =SUM(W16:Y16) -> 0 | AA16: =(F16+J16+N16+R16+V16+Z16) -> 3335.26 | AB16: kg/hari | AD16: 9 | AE16: 09 | AF16: =(C16+G16+K16+O16+S16+W16) -> 1913.6 | AG16: =(D16+H16+L16+P16+T16+X16) -> 361.66 | AH16: =(E16+I16+M16+Q16++U16+Y16) -> 1060 | AJ16: 9 | AK16: 09 | AL16: =AF16 -> 1913.6 | AM16: =AL16/AA16 -> 0.57374837 | AN16: =AG16 -> 361.66 | AO16: =AN16/AA16 -> 0.10843532 | AP16: =AH16 -> 1060 | AQ16: =AP16/AA16 -> 0.3178163
A17: 10 | B17: 10 | C17: 0 | D17: 0 | E17: 0 | F17: =SUM(C17:E17) -> 0 | G17: 0 | H17: 0 | I17: 0 | J17: =SUM(G17:I17) -> 0 | K17: 0 | L17: 0 | N17: =SUM(K17:M17) -> 0 | O17: 0 | P17: 0 | Q17: 220 | R17: =SUM(O17:Q17) -> 220 | S17: 0 | T17: 0 | V17: =SUM(S17:U17) -> 0 | W17: 120 | X17: 0 | Y17: 70 | Z17: =SUM(W17:Y17) -> 190 | AA17: =(F17+J17+N17+R17+V17+Z17) -> 410 | AB17: kg/hari | AD17: 10 | AE17: 10 | AF17: =(C17+G17+K17+O17+S17+W17) -> 120 | AG17: =(D17+H17+L17+P17+T17+X17) -> 0 | AH17: =(E17+I17+M17+Q17++U17+Y17) -> 290 | AJ17: 10 | AK17: 10 | AL17: =AF17 -> 120 | AM17: =AL17/AA17 -> 0.29268293 | AN17: =AG17 -> 0 | AO17: =AN17/AA17 -> 0 | AP17: =AH17 -> 290 | AQ17: =AP17/AA17 -> 0.70731707
A18: 11 | B18: 11 | C18: 40 | D18: 0 | E18: 70 | F18: =SUM(C18:E18) -> 110 | G18: 80 | H18: 0 | I18: 80 | J18: =SUM(G18:I18) -> 160 | K18: 0 | L18: 0 | N18: =SUM(K18:M18) -> 0 | O18: 400 | P18: 0 | Q18: 300 | R18: =SUM(O18:Q18) -> 700 | S18: 80 | T18: 6.76 | U18: 70 | V18: =SUM(S18:U18) -> 156.76 | W18: 0 | X18: 0 | Z18: =SUM(W18:Y18) -> 0 | AA18: =(F18+J18+N18+R18+V18+Z18) -> 1126.76 | AB18: kg/hari | AD18: 11 | AE18: 11 | AF18: =(C18+G18+K18+O18+S18+W18) -> 600 | AG18: =(D18+H18+L18+P18+T18+X18) -> 6.76 | AH18: =(E18+I18+M18+Q18++U18+Y18) -> 520 | AJ18: 11 | AK18: 11 | AL18: =AF18 -> 600 | AM18: =AL18/AA18 -> 0.53250027 | AN18: =AG18 -> 6.76 | AO18: =AN18/AA18 -> 0.005999503 | AP18: =AH18 -> 520 | AQ18: =AP18/AA18 -> 0.46150023
A19: 12 | B19: 12 | C19: 210.4 | D19: =((((3.7+1)*1.3)*1.3)*2)*2 -> 31.772 | E19: 210 | F19: =SUM(C19:E19) -> 452.172 | G19: 415.6 | H19: =((((10.3+1)*1.3)*1.3)*2)*2 -> 76.388 | I19: 300 | J19: =SUM(G19:I19) -> 791.988 | K19: 218 | L19: 34.476 | M19: 50 | N19: =SUM(K19:M19) -> 302.476 | O19: 819.6 | P19: =((((45+1)*1.3)*1.3)*2)*2 -> 310.96 | Q19: 400 | R19: =SUM(O19:Q19) -> 1530.56 | S19: 160 | T19: =((((1+2)*1.3)*1.3)*2)*2 -> 20.28 | U19: 110 | V19: =SUM(S19:U19) -> 290.28 | W19: 0 | X19: 6.76 | Z19: =SUM(W19:Y19) -> 6.76 | AA19: =(F19+J19+N19+R19+V19+Z19) -> 3374.236 | AB19: kg/hari | AD19: 12 | AE19: 12 | AF19: =(C19+G19+K19+O19+S19+W19) -> 1823.6 | AG19: =(D19+H19+L19+P19+T19+X19) -> 480.636 | AH19: =(E19+I19+M19+Q19++U19+Y19) -> 1070 | AJ19: 12 | AK19: 12 | AL19: =AF19 -> 1823.6 | AM19: =AL19/AA19 -> 0.54044827 | AN19: =AG19 -> 480.636 | AO19: =AN19/AA19 -> 0.14244291 | AP19: =AH19 -> 1070 | AQ19: =AP19/AA19 -> 0.31710882
A20: 13 | B20: 13 | C20: 132 | D20: =((((4.6+1)*1.3)*1.3)*2)*2 -> 37.856 | E20: 150 | F20: =SUM(C20:E20) -> 319.856 | G20: 420.8 | H20: 16.9 | I20: 300 | J20: =SUM(G20:I20) -> 737.7 | K20: 175.6 | L20: 9.464 | M20: 150 | N20: =SUM(K20:M20) -> 335.064 | O20: 2020.8 | P20: 308.256 | Q20: 700 | R20: =SUM(O20:Q20) -> 3029.056 | S20: 80 | T20: =((((1+1)*1.3)*1.3)*2)*2 -> 13.52 | U20: 60 | V20: =SUM(S20:U20) -> 153.52 | W20: 0 | X20: 0 | Z20: =SUM(W20:Y20) -> 0 | AA20: =(F20+J20+N20+R20+V20+Z20) -> 4575.196 | AB20: kg/hari | AD20: 13 | AE20: 13 | AF20: =(C20+G20+K20+O20+S20+W20) -> 2829.2 | AG20: =(D20+H20+L20+P20+T20+X20) -> 385.996 | AH20: =(E20+I20+M20+Q20++U20+Y20) -> 1360 | AJ20: 13 | AK20: 13 | AL20: =AF20 -> 2829.2 | AM20: =AL20/AA20 -> 0.61837788 | AN20: =AG20 -> 385.996 | AO20: =AN20/AA20 -> 0.084367096 | AP20: =AH20 -> 1360 | AQ20: =AP20/AA20 -> 0.29725502
A21: 14 | B21: 14 | C21: 290.4 | D21: 16.224 | E21: 250 | F21: =SUM(C21:E21) -> 556.624 | G21: 816.8 | H21: =((((3.5+1)*1.3)*1.3)*2)*2 -> 30.42 | I21: 250 | J21: =SUM(G21:I21) -> 1097.22 | K21: 214 | L21: 27.04 | M21: 150 | N21: =SUM(K21:M21) -> 391.04 | O21: 625.2 | P21: =((((42.1+1)*1.3)*1.3)*2)*2 -> 291.356 | Q21: 600 | R21: =SUM(O21:Q21) -> 1516.556 | S21: 120 | T21: =((((1+3)*1.3)*1.3)*2)*2 -> 27.04 | U21: 80 | V21: =SUM(S21:U21) -> 227.04 | W21: 120 | X21: 0 | Y21: 70 | Z21: =SUM(W21:Y21) -> 190 | AA21: =(F21+J21+N21+R21+V21+Z21) -> 3978.48 | AB21: kg/hari | AD21: 14 | AE21: 14 | AF21: =(C21+G21+K21+O21+S21+W21) -> 2186.4 | AG21: =(D21+H21+L21+P21+T21+X21) -> 392.08 | AH21: =(E21+I21+M21+Q21++U21+Y21) -> 1400 | AJ21: 14 | AK21: 14 | AL21: =AF21 -> 2186.4 | AM21: =AL21/AA21 -> 0.54955661 | AN21: =AG21 -> 392.08 | AO21: =AN21/AA21 -> 0.0985502 | AP21: =AH21 -> 1400 | AQ21: =AP21/AA21 -> 0.35189319
A22: 15 | B22: 15 | C22: 51.2 | D22: =((((1.2+1)*1.3)*1.3)*2)*2 -> 14.872 | E22: 20 | F22: =SUM(C22:E22) -> 86.072 | G22: 419.2 | H22: 22.984 | I22: 380 | J22: =SUM(G22:I22) -> 822.184 | K22: 216 | L22: 8.112 | M22: 240 | N22: =SUM(K22:M22) -> 464.112 | O22: 815.2 | P22: 305.552 | Q22: 600 | R22: =SUM(O22:Q22) -> 1720.752 | S22: 120 | T22: =((((1+1)*1.3)*1.3)*2)*2 -> 13.52 | U22: 20 | V22: =SUM(S22:U22) -> 153.52 | W22: 100 | X22: 6.76 | Y22: 90 | Z22: =SUM(W22:Y22) -> 196.76 | AA22: =(F22+J22+N22+R22+V22+Z22) -> 3443.4 | AB22: kg/hari | AD22: 15 | AE22: 15 | AF22: =(C22+G22+K22+O22+S22+W22) -> 1721.6 | AG22: =(D22+H22+L22+P22+T22+X22) -> 371.8 | AH22: =(E22+I22+M22+Q22++U22+Y22) -> 1350 | AJ22: 15 | AK22: 15 | AL22: =AF22 -> 1721.6 | AM22: =AL22/AA22 -> 0.49997096 | AN22: =AG22 -> 371.8 | AO22: =AN22/AA22 -> 0.10797468 | AP22: =AH22 -> 1350 | AQ22: =AP22/AA22 -> 0.39205436
A23: 16 | B23: 16 | C23: 332.8 | D23: 20.28 | E23: 105 | F23: =SUM(C23:E23) -> 458.08 | G23: 414.8 | H23: =((((4.7+1)*1.3)*1.3)*2)*2 -> 38.532 | I23: 330 | J23: =SUM(G23:I23) -> 783.332 | K23: 11.6 | L23: 4.732 | N23: =SUM(K23:M23) -> 16.332 | O23: 418.8 | P23: =((((42.1+1)*1.3)*1.3)*2)*2 -> 291.356 | Q23: 450 | R23: =SUM(O23:Q23) -> 1160.156 | S23: 120 | T23: =((((1+2)*1.3)*1.3)*2)*2 -> 20.28 | U23: 50 | V23: =SUM(S23:U23) -> 190.28 | W23: 0 | X23: 0 | Y23: 5 | Z23: =SUM(W23:Y23) -> 5 | AA23: =(F23+J23+N23+R23+V23+Z23) -> 2613.18 | AB23: kg/hari | AD23: 16 | AE23: 16 | AF23: =(C23+G23+K23+O23+S23+W23) -> 1298 | AG23: =(D23+H23+L23+P23+T23+X23) -> 375.18 | AH23: =(E23+I23+M23+Q23++U23+Y23) -> 940 | AJ23: 16 | AK23: 16 | AL23: =AF23 -> 1298 | AM23: =AL23/AA23 -> 0.49671282 | AN23: =AG23 -> 375.18 | AO23: =AN23/AA23 -> 0.1435722 | AP23: =AH23 -> 940 | AQ23: =AP23/AA23 -> 0.35971498
A24: 17 | B24: 17 | C24: 0 | D24: 0 | E24: 0 | F24: =SUM(C24:E24) -> 0 | G24: 0 | H24: 0 | I24: 0 | J24: =SUM(G24:I24) -> 0 | K24: 0 | L24: 0 | N24: =SUM(K24:M24) -> 0 | O24: 0 | P24: 0 | Q24: 0 | R24: =SUM(O24:Q24) -> 0 | S24: 0 | T24: 13.52 | V24: =SUM(S24:U24) -> 13.52 | W24: 0 | X24: 0 | Z24: =SUM(W24:Y24) -> 0 | AA24: =(F24+J24+N24+R24+V24+Z24) -> 13.52 | AB24: kg/hari | AD24: 17 | AE24: 17 | AF24: =(C24+G24+K24+O24+S24+W24) -> 0 | AG24: =(D24+H24+L24+P24+T24+X24) -> 13.52 | AH24: =(E24+I24+M24+Q24++U24+Y24) -> 0 | AJ24: 17 | AK24: 17 | AL24: =AF24 -> 0 | AM24: =AL24/AA24 -> 0 | AN24: =AG24 -> 13.52 | AO24: =AN24/AA24 -> 1 | AP24: =AH24 -> 0 | AQ24: =AP24/AA24 -> 0
A25: 18 | B25: 18 | C25: 0 | D25: 0 | E25: 0 | F25: =SUM(C25:E25) -> 0 | G25: 0 | H25: 0 | I25: 0 | J25: =SUM(G25:I25) -> 0 | K25: 0 | L25: 0 | N25: =SUM(K25:M25) -> 0 | O25: 0 | P25: 0 | Q25: 0 | R25: =SUM(O25:Q25) -> 0 | S25: 0 | T25: 6.76 | V25: =SUM(S25:U25) -> 6.76 | W25: 0 | X25: 0 | Z25: =SUM(W25:Y25) -> 0 | AA25: =(F25+J25+N25+R25+V25+Z25) -> 6.76 | AB25: kg/hari | AD25: 18 | AE25: 18 | AF25: =(C25+G25+K25+O25+S25+W25) -> 0 | AG25: =(D25+H25+L25+P25+T25+X25) -> 6.76 | AH25: =(E25+I25+M25+Q25++U25+Y25) -> 0 | AJ25: 18 | AK25: 18 | AL25: =AF25 -> 0 | AM25: =AL25/AA25 -> 0 | AN25: =AG25 -> 6.76 | AO25: =AN25/AA25 -> 1 | AP25: =AH25 -> 0 | AQ25: =AP25/AA25 -> 0
A26: 19 | B26: 19 | C26: 208.8 | D26: =((((2+1)*1.3)*1.3)*2)*2 -> 20.28 | E26: 205 | F26: =SUM(C26:E26) -> 434.08 | G26: 418 | H26: =((((5+1)*1.3)*1.3)*2)*2 -> 40.56 | I26: 250 | J26: =SUM(G26:I26) -> 708.56 | K26: 219.2 | L26: 20.28 | M26: 150 | N26: =SUM(K26:M26) -> 389.48 | O26: 423.6 | P26: =((((46.5+1)*1.3)*1.3)*2)*2 -> 321.1 | Q26: 550 | R26: =SUM(O26:Q26) -> 1294.7 | S26: 60 | T26: =((((1+1)*1.3)*1.3)*2)*2 -> 13.52 | U26: 55 | V26: =SUM(S26:U26) -> 128.52 | W26: 0 | X26: 6.76 | Y26: 5 | Z26: =SUM(W26:Y26) -> 11.76 | AA26: =(F26+J26+N26+R26+V26+Z26) -> 2967.1 | AB26: kg/hari | AD26: 19 | AE26: 19 | AF26: =(C26+G26+K26+O26+S26+W26) -> 1329.6 | AG26: =(D26+H26+L26+P26+T26+X26) -> 422.5 | AH26: =(E26+I26+M26+Q26++U26+Y26) -> 1215 | AJ26: 19 | AK26: 19 | AL26: =AF26 -> 1329.6 | AM26: =AL26/AA26 -> 0.44811432 | AN26: =AG26 -> 422.5 | AO26: =AN26/AA26 -> 0.14239493 | AP26: =AH26 -> 1215 | AQ26: =AP26/AA26 -> 0.40949075
A27: 20 | B27: 20 | C27: 210.8 | D27: 10.14 | E27: 5 | F27: =SUM(C27:E27) -> 225.94 | G27: 818.4 | H27: 20.28 | I27: 300 | J27: =SUM(G27:I27) -> 1138.68 | K27: 214 | L27: 19.604 | M27: 50 | N27: =SUM(K27:M27) -> 283.604 | O27: 816.8 | P27: 279.864 | Q27: 600 | R27: =SUM(O27:Q27) -> 1696.664 | S27: 40 | T27: =((((1+3)*1.3)*1.3)*2)*2 -> 27.04 | U27: 20 | V27: =SUM(S27:U27) -> 87.04 | W27: 0 | X27: 0 | Z27: =SUM(W27:Y27) -> 0 | AA27: =(F27+J27+N27+R27+V27+Z27) -> 3431.928 | AB27: kg/hari | AD27: 20 | AE27: 20 | AF27: =(C27+G27+K27+O27+S27+W27) -> 2100 | AG27: =(D27+H27+L27+P27+T27+X27) -> 356.928 | AH27: =(E27+I27+M27+Q27++U27+Y27) -> 975 | AJ27: 20 | AK27: 20 | AL27: =AF27 -> 2100 | AM27: =AL27/AA27 -> 0.61190095 | AN27: =AG27 -> 356.928 | AO27: =AN27/AA27 -> 0.10400218 | AP27: =AH27 -> 975 | AQ27: =AP27/AA27 -> 0.28409687
A28: 21 | B28: 21 | C28: 174 | D28: =((((5.7+1)*1.3)*1.3)*2)*2 -> 45.292 | E28: 100 | F28: =SUM(C28:E28) -> 319.292 | G28: 415.6 | H28: =((((3+1)*1.3)*1.3)*2)*2 -> 27.04 | I28: 340 | J28: =SUM(G28:I28) -> 782.64 | K28: 416.8 | L28: 4.732 | M28: 200 | N28: =SUM(K28:M28) -> 621.532 | O28: 217.2 | P28: =((((40.7+1)*1.3)*1.3)*2)*2 -> 281.892 | Q28: 450 | R28: =SUM(O28:Q28) -> 949.092 | S28: 40 | T28: =((((1+1)*1.3)*1.3)*2)*2 -> 13.52 | U28: 30 | V28: =SUM(S28:U28) -> 83.52 | W28: 400 | X28: 0 | Y28: 280 | Z28: =SUM(W28:Y28) -> 680 | AA28: =(F28+J28+N28+R28+V28+Z28) -> 3436.076 | AB28: kg/hari | AD28: 21 | AE28: 21 | AF28: =(C28+G28+K28+O28+S28+W28) -> 1663.6 | AG28: =(D28+H28+L28+P28+T28+X28) -> 372.476 | AH28: =(E28+I28+M28+Q28++U28+Y28) -> 1400 | AJ28: 21 | AK28: 21 | AL28: =AF28 -> 1663.6 | AM28: =AL28/AA28 -> 0.48415693 | AN28: =AG28 -> 372.476 | AO28: =AN28/AA28 -> 0.10840156 | AP28: =AH28 -> 1400 | AQ28: =AP28/AA28 -> 0.40744151
A29: 22 | B29: 22 | C29: 94.8 | D29: 9.464 | E29: 90 | F29: =SUM(C29:E29) -> 194.264 | G29: 812.8 | H29: 31.096 | I29: 400 | J29: =SUM(G29:I29) -> 1243.896 | K29: 814.8 | L29: 25.688 | M29: 200 | N29: =SUM(K29:M29) -> 1040.488 | O29: 1222.8 | P29: 318.396 | Q29: 500 | R29: =SUM(O29:Q29) -> 2041.196 | S29: 100 | T29: 6.76 | U29: 65 | V29: =SUM(S29:U29) -> 171.76 | W29: 0 | X29: 6.76 | Y29: 60 | Z29: =SUM(W29:Y29) -> 66.76 | AA29: =(F29+J29+N29+R29+V29+Z29) -> 4758.364 | AB29: kg/hari | AD29: 22 | AE29: 22 | AF29: =(C29+G29+K29+O29+S29+W29) -> 3045.2 | AG29: =(D29+H29+L29+P29+T29+X29) -> 398.164 | AH29: =(E29+I29+M29+Q29++U29+Y29) -> 1315 | AJ29: 22 | AK29: 22 | AL29: =AF29 -> 3045.2 | AM29: =AL29/AA29 -> 0.63996785 | AN29: =AG29 -> 398.164 | AO29: =AN29/AA29 -> 0.083676659 | AP29: =AH29 -> 1315 | AQ29: =AP29/AA29 -> 0.27635549
A30: 23 | B30: 23 | C30: 170 | D30: =((((1.2+1)*1.3)*1.3)*2)*2 -> 14.872 | E30: 110 | F30: =SUM(C30:E30) -> 294.872 | G30: 820.4 | H30: =((((3.5+1)*1.3)*1.3)*2)*2 -> 30.42 | I30: 500 | J30: =SUM(G30:I30) -> 1350.82 | K30: 420.8 | L30: 16.9 | M30: 290 | N30: =SUM(K30:M30) -> 727.7 | O30: 825.2 | P30: =((((42.5+1)*1.3)*1.3)*2)*2 -> 294.06 | Q30: 1000 | R30: =SUM(O30:Q30) -> 2119.26 | S30: 120 | T30: 6.76 | U30: 110 | V30: =SUM(S30:U30) -> 236.76 | W30: 200 | X30: 0 | Y30: 150 | Z30: =SUM(W30:Y30) -> 350 | AA30: =(F30+J30+N30+R30+V30+Z30) -> 5079.412 | AB30: kg/hari | AD30: 23 | AE30: 23 | AF30: =(C30+G30+K30+O30+S30+W30) -> 2556.4 | AG30: =(D30+H30+L30+P30+T30+X30) -> 363.012 | AH30: =(E30+I30+M30+Q30++U30+Y30) -> 2160 | AJ30: 23 | AK30: 23 | AL30: =AF30 -> 2556.4 | AM30: =AL30/AA30 -> 0.5032866 | AN30: =AG30 -> 363.012 | AO30: =AN30/AA30 -> 0.071467327 | AP30: =AH30 -> 2160 | AQ30: =AP30/AA30 -> 0.42524607
A31: 24 | B31: 24 | C31: 0 | D31: 0 | E31: 0 | F31: =SUM(C31:E31) -> 0 | G31: 200 | H31: 0 | I31: 150 | J31: =SUM(G31:I31) -> 350 | K31: 0 | L31: 0 | N31: =SUM(K31:M31) -> 0 | O31: 80 | P31: 0 | Q31: 80 | R31: =SUM(O31:Q31) -> 160 | S31: 0 | T31: 0 | V31: =SUM(S31:U31) -> 0 | W31: 40 | X31: 0 | Y31: 100 | Z31: =SUM(W31:Y31) -> 140 | AA31: =(F31+J31+N31+R31+V31+Z31) -> 650 | AB31: kg/hari | AD31: 24 | AE31: 24 | AF31: =(C31+G31+K31+O31+S31+W31) -> 320 | AG31: =(D31+H31+L31+P31+T31+X31) -> 0 | AH31: =(E31+I31+M31+Q31++U31+Y31) -> 330 | AJ31: 24 | AK31: 24 | AL31: =AF31 -> 320 | AM31: =AL31/AA31 -> 0.49230769 | AN31: =AG31 -> 0 | AO31: =AN31/AA31 -> 0 | AP31: =AH31 -> 330 | AQ31: =AP31/AA31 -> 0.50769231
A32: 25 | B32: 25 | C32: 0 | D32: 0 | E32: 0 | F32: =SUM(C32:E32) -> 0 | G32: 0 | H32: 6.76 | I32: 0 | J32: =SUM(G32:I32) -> 6.76 | K32: 0 | L32: 0 | N32: =SUM(K32:M32) -> 0 | O32: 0 | P32: 0 | Q32: 0 | R32: =SUM(O32:Q32) -> 0 | S32: 0 | T32: 6.76 | V32: =SUM(S32:U32) -> 6.76 | W32: 0 | X32: 0 | Z32: =SUM(W32:Y32) -> 0 | AA32: =(F32+J32+N32+R32+V32+Z32) -> 13.52 | AB32: kg/hari | AD32: 25 | AE32: 25 | AF32: =(C32+G32+K32+O32+S32+W32) -> 0 | AG32: =(D32+H32+L32+P32+T32+X32) -> 13.52 | AH32: =(E32+I32+M32+Q32++U32+Y32) -> 0 | AJ32: 25 | AK32: 25 | AL32: =AF32 -> 0 | AM32: =AL32/AA32 -> 0 | AN32: =AG32 -> 13.52 | AO32: =AN32/AA32 -> 1 | AP32: =AH32 -> 0 | AQ32: =AP32/AA32 -> 0
A33: 26 | B33: 26 | C33: 132.4 | D33: =((((3.8+1)*1.3)*1.3)*2)*2 -> 32.448 | E33: 110 | F33: =SUM(C33:E33) -> 274.848 | G33: 822.4 | H33: 20.28 | I33: 320 | J33: =SUM(G33:I33) -> 1162.68 | K33: 218.8 | L33: 14.872 | M33: 50 | N33: =SUM(K33:M33) -> 283.672 | O33: 138 | P33: =((((43.6+1)*1.3)*1.3)*2)*2 -> 301.496 | Q33: 650 | R33: =SUM(O33:Q33) -> 1089.496 | S33: 80 | T33: 6.76 | U33: 50 | V33: =SUM(S33:U33) -> 136.76 | W33: 0 | X33: 6.76 | Z33: =SUM(W33:Y33) -> 6.76 | AA33: =(F33+J33+N33+R33+V33+Z33) -> 2954.216 | AB33: kg/hari | AD33: 26 | AE33: 26 | AF33: =(C33+G33+K33+O33+S33+W33) -> 1391.6 | AG33: =(D33+H33+L33+P33+T33+X33) -> 382.616 | AH33: =(E33+I33+M33+Q33++U33+Y33) -> 1180 | AJ33: 26 | AK33: 26 | AL33: =AF33 -> 1391.6 | AM33: =AL33/AA33 -> 0.4710556 | AN33: =AG33 -> 382.616 | AO33: =AN33/AA33 -> 0.12951524 | AP33: =AH33 -> 1180 | AQ33: =AP33/AA33 -> 0.39942915
A34: 27 | B34: 27 | C34: 172.8 | D34: 25.012 | E34: 55 | F34: =SUM(C34:E34) -> 252.812 | G34: 421.2 | H34: =((((4.7+1)*1.3)*1.3)*2)*2 -> 38.532 | I34: 300 | J34: =SUM(G34:I34) -> 759.732 | K34: 420.4 | L34: 17.576 | M34: 100 | N34: =SUM(K34:M34) -> 537.976 | O34: 415.6 | P34: 278.512 | Q34: 700 | R34: =SUM(O34:Q34) -> 1394.112 | S34: 20 | T34: 0 | U34: 30 | V34: =SUM(S34:U34) -> 50 | W34: 200 | Y34: 150 | Z34: =SUM(W34:Y34) -> 350 | AA34: =(F34+J34+N34+R34+V34+Z34) -> 3344.632 | AB34: kg/hari | AD34: 27 | AE34: 27 | AF34: =(C34+G34+K34+O34+S34+W34) -> 1650 | AG34: =(D34+H34+L34+P34+T34+X34) -> 359.632 | AH34: =(E34+I34+M34+Q34++U34+Y34) -> 1335 | AJ34: 27 | AK34: 27 | AL34: =AF34 -> 1650 | AM34: =AL34/AA34 -> 0.49332782 | AN34: =AG34 -> 359.632 | AO34: =AN34/AA34 -> 0.10752513 | AP34: =AH34 -> 1335 | AQ34: =AP34/AA34 -> 0.39914705
A35: 28 | B35: 28 | C35: 91.6 | D35: =((((1.4+1)*1.3)*1.3)*2)*2 -> 16.224 | E35: 20 | F35: =SUM(C35:E35) -> 127.824 | G35: 819.2 | H35: 41.912 | I35: 260 | J35: =SUM(G35:I35) -> 1121.112 | K35: 336.8 | L35: 7.436 | M35: 205 | N35: =SUM(K35:M35) -> 549.236 | O35: 418.8 | P35: =((((43.5+1)*1.3)*1.3)*2)*2 -> 300.82 | Q35: 700 | R35: =SUM(O35:Q35) -> 1419.62 | S35: 20 | T35: 6.76 | U35: 50 | V35: =SUM(S35:U35) -> 76.76 | W35: 80 | Y35: 130 | Z35: =SUM(W35:Y35) -> 210 | AA35: =(F35+J35+N35+R35+V35+Z35) -> 3504.552 | AB35: kg/hari | AD35: 28 | AE35: 28 | AF35: =(C35+G35+K35+O35+S35+W35) -> 1766.4 | AG35: =(D35+H35+L35+P35+T35+X35) -> 373.152 | AH35: =(E35+I35+M35+Q35++U35+Y35) -> 1365 | AJ35: 28 | AK35: 28 | AL35: =AF35 -> 1766.4 | AM35: =AL35/AA35 -> 0.50403019 | AN35: =AG35 -> 373.152 | AO35: =AN35/AA35 -> 0.10647638 | AP35: =AH35 -> 1365 | AQ35: =AP35/AA35 -> 0.38949344
A36: 29 | B36: 29 | C36: 170 | D36: 10.14 | E36: 120 | F36: =SUM(C36:E36) -> 300.14 | G36: 814.8 | H36: =((((0.8+1)*1.3)*1.3)*2)*2 -> 12.168 | I36: 200 | J36: =SUM(G36:I36) -> 1026.968 | K36: 217.2 | L36: 21.632 | M36: 150 | N36: =SUM(K36:M36) -> 388.832 | O36: 422.4 | P36: 286.624 | Q36: 300 | R36: =SUM(O36:Q36) -> 1009.024 | S36: 40 | T36: 13.52 | U36: 65 | V36: =SUM(S36:U36) -> 118.52 | W36: 0 | Z36: =SUM(W36:Y36) -> 0 | AA36: =(F36+J36+N36+R36+V36+Z36) -> 2843.484 | AB36: kg/hari | AD36: 29 | AE36: 29 | AF36: =(C36+G36+K36+O36+S36+W36) -> 1664.4 | AG36: =(D36+H36+L36+P36+T36+X36) -> 344.084 | AH36: =(E36+I36+M36+Q36++U36+Y36) -> 835 | AJ36: 29 | AK36: 29 | AL36: =AF36 -> 1664.4 | AM36: =AL36/AA36 -> 0.58533827 | AN36: =AG36 -> 344.084 | AO36: =AN36/AA36 -> 0.12100789 | AP36: =AH36 -> 835 | AQ36: =AP36/AA36 -> 0.29365384
A37: 30 | B37: 30 | C37: 89.2 | D37: 7.436 | E37: 130 | F37: =SUM(C37:E37) -> 226.636 | G37: 419.2 | H37: 21.632 | I37: 200 | J37: =SUM(G37:I37) -> 640.832 | K37: 416.4 | L37: 8.112 | M37: 120 | N37: =SUM(K37:M37) -> 544.512 | O37: 820.8 | P37: =((((42+1)*1.3)*1.3)*2)*2 -> 290.68 | Q37: 600 | R37: =SUM(O37:Q37) -> 1711.48 | S37: 120 | T37: 13.52 | U37: 60 | V37: =SUM(S37:U37) -> 193.52 | W37: 620 | Y37: 150 | Z37: =SUM(W37:Y37) -> 770 | AA37: =(F37+J37+N37+R37+V37+Z37) -> 4086.98 | AB37: kg/hari | AD37: 30 | AE37: 30 | AF37: =(C37+G37+K37+O37+S37+W37) -> 2485.6 | AG37: =(D37+H37+L37+P37+T37+X37) -> 341.38 | AH37: =(E37+I37+M37+Q37++U37+Y37) -> 1260 | AJ37: 30 | AK37: 30 | AL37: =AF37 -> 2485.6 | AM37: =AL37/AA37 -> 0.60817523 | AN37: =AG37 -> 341.38 | AO37: =AN37/AA37 -> 0.083528669 | AP37: =AH37 -> 1260 | AQ37: =AP37/AA37 -> 0.3082961
A38: 31 | B38: 31 | E38: 0 | F38: =SUM(C38:E38) -> 0 | I38: 0 | J38: =SUM(G38:I38) -> 0 | N38: =SUM(K38:M38) -> 0 | Q38: 0 | R38: =SUM(O38:Q38) -> 0 | S38: 0 | T38: 0 | V38: =SUM(S38:U38) -> 0 | W38: 0 | Z38: =SUM(W38:Y38) -> 0 | AA38: =(F38+J38+N38+R38+V38+Z38) -> 0 | AB38: kg/hari | AD38: 31 | AE38: 31 | AF38: =(C38+G38+K38+O38+S38+W38) -> 0 | AG38: =(D38+H38+L38+P38+T38+X38) -> 0 | AH38: =(E38+I38+M38+Q38++U38+Y38) -> 0 | AJ38: 31 | AK38: 31 | AL38: =AF38 -> 0 | AM38: =AL38/AA38 -> #DIV/0! | AN38: =AG38 -> 0 | AO38: =AN38/AA38 -> #DIV/0! | AP38: =AH38 -> 0 | AQ38: =AP38/AA38 -> #DIV/0!
A39: Total/jenis (kg/bulan) | C39: =SUM(C8:C38) -> 4939.6 | D39: =SUM(D8:D38) -> 460.356 | E39: =SUM(E8:E38) -> 2450 | F39: =SUM(F8:F38) -> 7849.956 | G39: =SUM(G8:G38) -> 13255.2 | H39: =SUM(H8:H38) -> 750.36 | I39: =SUM(I8:I38) -> 7260 | J39: =SUM(J8:J38) -> 21265.56 | ... AA39: =SUM(AA8:AA38) -> 82145.252 | AB39: kg/bulan | AD39: Total Jenis Sampah Terpilah (kg/bulan) | AF39: =SUM(AF9:AF38) -> 41254.4 | AG39: =SUM(AG9:AG38) -> 8270.184 | AH39: =SUM(AH9:AH38) -> 26680 | AJ39: Total Pengelolaan Sampah(kg/bulan) | AL39: =SUM(AL9:AL38) -> 41254.4 | AM39: - | AN39: =SUM(AN9:AN38) -> 8270.184 | AO39: - | AP39: =SUM(AP9:AP38) -> 26680 | AQ39: -
A40: Total/jenis (ton/bulan) | C40: =C39/1000 -> 4.9396 | D40: =D39/1000 -> 0.460356 | E40: =E39/1000 -> 2.45 | F40: =F39/1000 -> 7.849956 | G40: =G39/1000 -> 13.2552 | H40: =H39/1000 -> 0.75036 | I40: =I39/1000 -> 7.26 | J40: =J39/1000 -> 21.26556 | ... AA40: =AA39/1000 -> 82.145252 | AB40: ton/bulan | AD40: Total Jenis Sampah Terpilah (ton/bulan) | AF40: =AF39/1000 -> 41.2544 | AG40: =AG39/1000 -> 8.270184 | AH40: =AH39/1000 -> 26.68 | AJ40: Total Sampah terkelola (ton/bulan) | AL40: =AL39/1000 -> 41.2544 | AM40: =AL40/AA40 -> 0.50221284 | AN40: =AN39/1000 -> 8.270184 | AO40: =AN40/AA40 -> 0.10067757 | AP40: =AP39/1000 -> 26.68 | AQ40: =AP40/AA40 -> 0.32479053
A41: Rata-rata perhari (kg/hari) | C41: =_xlfn.AGGREGATE(1,7,C8:C38) -> 164.65333 | D41: =_xlfn.AGGREGATE(1,7,D8:D38) -> 15.3452 | E41: =_xlfn.AGGREGATE(1,7,E8:E38) -> 79.032258 | F41: =AVERAGEIF(F8:F38,">0") -> 313.99824 | G41: =_xlfn.AGGREGATE(1,7,G8:G38) -> 441.84 | H41: =_xlfn.AGGREGATE(1,7,H8:H38) -> 25.012 | I41: =_xlfn.AGGREGATE(1,7,I8:I38) -> 234.19355 | J41: =AVERAGEIF(J8:J38,">0") -> 817.90615 | K41: =_xlfn.AGGREGATE(1,7,K8:K38) -> 188.69333 | L41: =_xlfn.AGGREGATE(1,7,L8:L38) -> 11.537067 | M41: =_xlfn.AGGREGATE(1,7,M8:M38) -> 150.88235 | N41: =AVERAGEIF(N8:N38,">0") -> 389.63236 | O41: =_xlfn.AGGREGATE(1,7,O8:O38) -> 547.53333 | P41: =_xlfn.AGGREGATE(1,7,P8:P38) -> 220.01547 | Q41: =_xlfn.AGGREGATE(1,7,Q8:Q38) -> 419.35484 | R41: =AVERAGEIF(R8:R38,">0") -> 1441.0586 | S41: =_xlfn.AGGREGATE(1,7,S8:S38) -> 74.83871 | T41: =_xlfn.AGGREGATE(1,7,T8:T38) -> 14.610323 | U41: =_xlfn.AGGREGATE(1,7,U8:U38) -> 68.043478 | V41: =AVERAGEIF(V8:V38,">0") -> 166.84308 | W41: =_xlfn.AGGREGATE(1,7,W8:W38) -> 75.483871 | X41: =_xlfn.AGGREGATE(1,7,X8:X38) -> 4.94 | Y41: =_xlfn.AGGREGATE(1,7,Y8:Y38) -> 95.588235 | Z41: =AVERAGEIF(Z8:Z38,">0") -> 194.92571 | AA41: =AVERAGEIF(AA8:AA38,">0") -> 2738.1751 | AB41: rata2 perhari (kg/hari) | AD41: Rata-rata Jenis Sampah Terpilah perhari (kg/hari) | AF41: =AVERAGEIF(AF8:AF38,">0") -> 1728.5231 | AG41: =AVERAGEIF(AG8:AG38,">0") -> 312.09471 | AH41: =AVERAGEIF(AH8:AH38,">0") -> 1094.8077 | AJ41: Rata-rata Sampah Terkelola perhari (kg/hari) | AL41: =AVERAGEIF(AL8:AL38,">0") -> 1728.5231 | AM41: - | AN41: =AVERAGEIF(AN8:AN38,">0") -> 312.09471 | AO41: - | AP41: =AVERAGEIF(AP8:AP38,">0") -> 1094.8077 | AQ41: -
C44: Keterangan:
D45: : Data di isi sesuai kondisi riil dilapangan.
D46: : Perhitungan Otomatis
D47: : Perhitungan Otomatis
D48: : Perhitungan Otomatis
D49: : Perhitungan Otomatis
D50: : Perhitungan Otomatis

Sheet September
A1: Perusahaan : | B1: ='Rekap Neraca Pengelolaan Sampah'!C3 -> PT PELINDO DAYA SEJAHTERA
A2: Tahun | B2: ='Rekap Neraca Pengelolaan Sampah'!D2 -> 2024
A3: Bulan: | B3: September | C3: REKAMAN TIMBULAN SAMPAH | G3: REKAMAN TIMBULAN SAMPAH | K3: REKAMAN TIMBULAN SAMPAH | O3: REKAMAN TIMBULAN SAMPAH | S3: REKAMAN TIMBULAN SAMPAH | W3: REKAMAN TIMBULAN SAMPAH | AA3: TOTAL TIMBULAN SAMPAH DI SELURUH AREA | AB3: Satuan | AD3: REKAMAN REKAP JUMLAH SAMPAH BERDASARKAN | AJ3: REKAMAN REKAP JUMLAH PENGELOLAAN SAMPAH
A4: No | B4: Tanggal | C4: (kg/hari) | G4: (kg/hari) | K4: (kg/hari) | O4: (kg/hari) | S4: (kg/hari) | W4: (kg/hari) | AD4: JENIS SAMPAH TERPILAH | AJ4: DI SELURUH AREA
C5: Sumber sampah | G5: Sumber sampah | K5: Sumber sampah | O5: Sumber sampah | S5: Sumber sampah | W5: Sumber sampah | AD5: (kg/hari) | AJ5: Bulan : | AK5: =B3 -> September | AL5: Tahun : | AM5: =B4 -> Tanggal
C6: Area Kantor | G6: Area Tempat Parkir/Taman/Jalan | K6: Area Ruang Tunggu | O6: Area Tempat Makan | S6: Sampah Kapal (Khusus Pelabuhan) | W6: Area Lain (sebutkan jika ada) | AD6: Bulan : | AE6: =B3 -> September | AF6: Tahun : | AG6: =B4 -> Tanggal | AJ6: Sampah Terkelola (kg/hari)
C7: Sampah Organik Terpilah | D7: Sampah Anorganik Terpilah | E7: Sampah Lainnya dan/atau Residu | F7: Total Timbulan Sampah | G7: Sampah Organik Terpilah | H7: Sampah Anorganik Terpilah | I7: Sampah Lainnya dan/atau Residu | J7: Total Timbulan Sampah | K7: Sampah Organik Terpilah | L7: Sampah Anorganik Terpilah | M7: Sampah Lainnya dan/atau Residu | N7: Total Timbulan Sampah | O7: Sampah Organik Terpilah | P7: Sampah Anorganik Terpilah | Q7: Sampah Lainnya dan/atau Residu | R7: Total Timbulan Sampah | S7: Sampah Organik Terpilah | T7: Sampah Anorganik Terpilah | U7: Sampah Lainnya dan/atau Residu | V7: Total Timbulan Sampah | W7: Sampah Organik Terpilah | X7: Sampah Anorganik Terpilah | Y7: Sampah Lainnya dan/atau Residu | Z7: Total Timbulan Sampah | AD7: No. | AE7: Tanggal | AF7: Jumlah Sampah Organik | AG7: Jumlah Sampah Anorganik | AH7: Jumlah Sampah Residu ke TPA | AJ7: No. | AK7: Tanggal | AL7: Kompos / Pakan Ternak | AM7: Prosentase Kompos/pakan ternak | AN7: Bank Sampah / TPS3R / PDU | AO7: Prosentase Bank Sampah / TPS3R / PDU | AP7: Sampah Residu yang diangkut ke TPA | AQ7: Prosentase Sampah Residu yang diangkut ke TPA
A8: 1 | B8: 01 | F8: =SUM(C8:E8) -> 0 | I8: =[3]September!$V$6 -> 0 | J8: =SUM(G8:I8) -> 0 | N8: =SUM(K8:M8) -> 0 | Q8: =[3]November!$AC$6 -> 450 | R8: =SUM(O8:Q8) -> 450 | V8: =SUM(S8:U8) -> 0 | Y8: =[3]September!$AX$6 -> 0 | Z8: =SUM(W8:Y8) -> 0 | AA8: =(F8+J8+N8+R8+V8+Z8) -> 450 | AB8: kg/hari | AD8: 1 | AE8: 01 | AF8: =(C8+G8+K8+O8+S8+W8) -> 0 | AG8: =(D8+H8+L8+P8+T8+X8) -> 0 | AH8: =(E8+I8+M8+Q8++U8+Y8) -> 450 | AJ8: 1 | AK8: 01 | AL8: =AF8 -> 0 | AM8: =AL8/AA8 -> 0 | AN8: =AG8 -> 0 | AO8: =AN8/AA8 -> 0 | AP8: =AH8 -> 450 | AQ8: =AP8/AA8 -> 1
A9: 2 | B9: 02 | C9: 16.8 | D9: =((4.2+1)*1.3)*2 -> 13.52 | E9: =[1]September!O7+[2]September!O7+[3]September!O7 -> 290 | F9: =SUM(C9:E9) -> 320.32 | G9: 15.6 | H9: =((5.5+1)*1.3)*2 -> 16.9 | I9: =[1]September!V7+[2]September!V7+[3]September!V7 -> 500 | J9: =SUM(G9:I9) -> 532.5 | K9: 12.4 | L9: 2.86 | M9: 115 | N9: =SUM(K9:M9) -> 130.26 | O9: 26 | P9: =((4.5+1)*1.3)*2 -> 14.3 | Q9: =[1]September!AC7+[2]September!AC7+[3]November!AC7 -> 200 | R9: =SUM(O9:Q9) -> 240.3 | S9: 0 | T9: =((3+3)*1.3)*2 -> 15.6 | U9: =10+100 -> 110 | V9: =SUM(S9:U9) -> 125.6 | W9: 0 | X9: 59.8 | Y9: =[1]September!AX7+[2]September!AX7+[3]September!AW7 -> 200 | Z9: =SUM(W9:Y9) -> 259.8 | AA9: =(F9+J9+N9+R9+V9+Z9) -> 1608.78 | AB9: kg/hari | AD9: 2 | AE9: 02 | AF9: =(C9+G9+K9+O9+S9+W9) -> 70.8 | AG9: =(D9+H9+L12+P9+T9+X9) -> 127.14 | AH9: =(E9+I9+M9+Q9++U9+Y9) -> 1415 | AJ9: 2 | AK9: 02 | AL9: =AF9 -> 70.8 | AM9: =AL9/AA9 -> 0.044008503 | AN9: =AG9 -> 127.14 | AO9: =AN9/AA9 -> 0.079028829 | AP9: =AH9 -> 1415 | AQ9: =AP9/AA9 -> 0.87954848
A10: 3 | B10: 03 | C10: 11.6 | D10: =((2+1)*1.3)*2 -> 7.8 | E10: =[1]September!O8+[2]September!O8+[3]September!O8 -> 230 | F10: =SUM(C10:E10) -> 249.4 | G10: 16.8 | H10: =((2.8+1)*1.3)*2 -> 9.88 | I10: =[1]September!V8+[2]September!V8+[3]September!V8 -> 400 | J10: =SUM(G10:I10) -> 426.68 | K10: 14 | L10: 2.08 | M10: 90 | N10: =SUM(K10:M10) -> 106.08 | O10: 28.8 | P10: =((4.3+1)*1.3)*2 -> 13.78 | Q10: =[1]September!AC8+[2]September!AC8+[3]November!AC8 -> 200 | R10: =SUM(O10:Q10) -> 242.58 | S10: 0 | T10: =((2+3)*1.3)*2 -> 13 | U10: =100+70 -> 170 | V10: =SUM(S10:U10) -> 183 | W10: 0 | X10: 57.2 | Y10: =[1]September!AX8+[2]September!AX8+[3]September!AW8 -> 200 | Z10: =SUM(W10:Y10) -> 257.2 | AA10: =(F10+J10+N10+R10+V10+Z10) -> 1464.94 | AB10: kg/hari | AD10: 3 | AE10: 03 | AF10: =(C10+G10+K10+O10+S10+W10) -> 71.2 | AG10: =(D10+H10+L10+P10+T10+X10) -> 103.74 | AH10: =(E10+I10+M10+Q10++U10+Y10) -> 1290 | AJ10: 3 | AK10: 03 | AL10: =AF10 -> 71.2 | AM10: =AL10/AA10 -> 0.048602673 | AN10: =AG10 -> 103.74 | AO10: =AN10/AA10 -> 0.070815187 | AP10: =AH10 -> 1290 | AQ10: =AP10/AA10 -> 0.88058214
A11: 4 | B11: 04 | C11: 14 | D11: =((2+1)*1.3)*2 -> 7.8 | E11: =[1]September!O9+[2]September!O9+[3]September!O9 -> 935 | F11: =SUM(C11:E11) -> 956.8 | G11: 12.4 | H11: 8.58 | I11: =[1]September!V9+[2]September!V9+[3]September!V9 -> 1260 | J11: =SUM(G11:I11) -> 1280.98 | K11: 10 | L11: 5.46 | M11: 130 | N11: =SUM(K11:M11) -> 145.46 | O11: 24.4 | P11: =((3.3+1)*1.3)*2 -> 11.18 | Q11: =[1]September!AC9+[2]September!AC9+[3]November!AC9 -> 1100 | R11: =SUM(O11:Q11) -> 1135.58 | S11: 0 | T11: =((2+1)*1.3)*2 -> 7.8 | U11: =40+610 -> 650 | V11: =SUM(S11:U11) -> 657.8 | W11: 0 | X11: 57.2 | Y11: =[1]September!AX9+[2]September!AX9+[3]September!AW9 -> 300 | Z11: =SUM(W11:Y11) -> 357.2 | AA11: =(F11+J11+N11+R11+V11+Z11) -> 4533.82 | AB11: kg/hari | AD11: 4 | AE11: 04 | AF11: =(C11+G11+K11+O11+S11+W11) -> 60.8 | AG11: =(D11+H11+L11+P11+T11+X11) -> 98.02 | AH11: =(E11+I11+M11+Q11++U11+Y11) -> 4375 | AJ11: 4 | AK11: 04 | AL11: =AF11 -> 60.8 | AM11: =AL11/AA11 -> 0.013410325 | AN11: =AG11 -> 98.02 | AO11: =AN11/AA11 -> 0.021619738 | AP11: =AH11 -> 4375 | AQ11: =AP11/AA11 -> 0.96496994
A12: 5 | B12: 05 | C12: 11.2 | D12: 13.78 | E12: =[1]September!O10+[2]September!O10+[3]September!O10 -> 310 | F12: =SUM(C12:E12) -> 334.98 | G12: 11.6 | H12: =((4.4+1)*1.3)*2 -> 14.04 | I12: =[1]September!V10+[2]September!V10+[3]September!V10 -> 650 | J12: =SUM(G12:I12) -> 675.64 | K12: 10.8 | L12: 7.02 | M12: 170 | N12: =SUM(K12:M12) -> 187.82 | O12: 23.6 | P12: 7.02 | Q12: =[1]September!AC10+[2]September!AC10+[3]November!AC10 -> 675 | R12: =SUM(O12:Q12) -> 705.62 | S12: 0 | T12: =((2+3)*1.3)*2 -> 13 | U12: =170+70 -> 240 | V12: =SUM(S12:U12) -> 253 | W12: 0 | X12: 57.2 | Y12: =[1]September!AX10+[2]September!AX10+[3]September!AW10 -> 275 | Z12: =SUM(W12:Y12) -> 332.2 | AA12: =(F12+J12+N12+R12+V12+Z12) -> 2489.26 | AB12: kg/hari | AD12: 5 | AE12: 05 | AF12: =(C12+G12+K12+O12+S12+W12) -> 57.2 | AG12: =(D12+H12+L12+P12+T12+X12) -> 112.06 | AH12: =(E12+I12+M12+Q12++U12+Y12) -> 2320 | AJ12: 5 | AK12: 05 | AL12: =AF12 -> 57.2 | AM12: =AL12/AA12 -> 0.022978717 | AN12: =AG12 -> 112.06 | AO12: =AN12/AA12 -> 0.045017395 | AP12: =AH12 -> 2320 | AQ12: =AP12/AA12 -> 0.93200389
A13: 6 | B13: 06 | C13: 14.4 | D13: =((2+1)*1.3)*2 -> 7.8 | E13: =[1]September!O11+[2]September!O11+[3]September!O11 -> 480 | F13: =SUM(C13:E13) -> 502.2 | G13: 13.6 | H13: 14.56 | I13: =[1]September!V11+[2]September!V11+[3]September!V11 -> 620 | J13: =SUM(G13:I13) -> 648.16 | K13: 13.2 | L13: 3.9 | M13: 120 | N13: =SUM(K13:M13) -> 137.1 | O13: 30 | P13: =((4.2+1)*1.3)*2 -> 13.52 | Q13: =[1]September!AC11+[2]September!AC11+[3]November!AC11 -> 1110 | R13: =SUM(O13:Q13) -> 1153.52 | S13: 0 | T13: =((2+2)*1.3)*2 -> 10.4 | U13: =220+190 -> 410 | V13: =SUM(S13:U13) -> 420.4 | W13: 0 | X13: 57.2 | Y13: =[1]September!AX11+[2]September!AX11+[3]September!AW11 -> 300 | Z13: =SUM(W13:Y13) -> 357.2 | AA13: =(F13+J13+N13+R13+V13+Z13) -> 3218.58 | AB13: kg/hari | AD13: 6 | AE13: 06 | AF13: =(C13+G13+K13+O13+S13+W13) -> 71.2 | AG13: =(D13+H13+L13+P13+T13+X13) -> 107.38 | AH13: =(E13+I13+M13+Q13++U13+Y13) -> 3040 | AJ13: 6 | AK13: 06 | AL13: =AF13 -> 71.2 | AM13: =AL13/AA13 -> 0.022121557 | AN13: =AG13 -> 107.38 | AO13: =AN13/AA13 -> 0.033362539 | AP13: =AH13 -> 3040 | AQ13: =AP13/AA13 -> 0.9445159
A14: 7 | B14: 07 | C14: 0 | D14: 0 | E14: =[1]September!O12+[2]September!O12+[3]September!O12 -> 125 | F14: =SUM(C14:E14) -> 125 | G14: 0 | H14: 0 | I14: =[1]September!V12+[2]September!V12+[3]September!V12 -> 220 | J14: =SUM(G14:I14) -> 220 | K14: 14 | L14: 7.8 | M14: 95 | N14: =SUM(K14:M14) -> 116.8 | O14: 0 | P14: 0 | Q14: =[1]September!AC12+[2]September!AC12+[3]November!AC12 -> 700 | R14: =SUM(O14:Q14) -> 700 | S14: 0 | T14: 0 | U14: 25 | V14: =SUM(S14:U14) -> 25 | W14: 0 | X14: 0 | Y14: =[1]September!AX12+[2]September!AX12+[3]September!AW12 -> 100 | Z14: =SUM(W14:Y14) -> 100 | AA14: =(F14+J14+N14+R14+V14+Z14) -> 1286.8 | AB14: kg/hari | AD14: 7 | AE14: 07 | AF14: =(C14+G14+K14+O14+S14+W14) -> 14 | AG14: =(D14+H14+L14+P14+T14+X14) -> 7.8 | AH14: =(E14+I14+M14+Q14++U14+Y14) -> 1265 | AJ14: 7 | AK14: 07 | AL14: =AF14 -> 14 | AM14: =AL14/AA14 -> 0.010879702 | AN14: =AG14 -> 7.8 | AO14: =AN14/AA14 -> 0.006061548 | AP14: =AH14 -> 1265 | AQ14: =AP14/AA14 -> 0.98305875
A15: 8 | B15: 08 | C15: 0 | D15: 0 | E15: =[1]September!O13+[2]September!O13+[3]September!O13 -> 0 | F15: =SUM(C15:E15) -> 0 | G15: 0 | H15: 0 | I15: =[1]September!V13+[2]September!V13+[3]September!V13 -> 0 | J15: =SUM(G15:I15) -> 0 | K15: 11.2 | L15: 8.58 | N15: =SUM(K15:M15) -> 19.78 | O15: 0 | P15: 0 | Q15: =[1]September!AC13+[2]September!AC13+[3]November!AC13 -> 400 | R15: =SUM(O15:Q15) -> 400 | S15: 0 | T15: 0 | V15: =SUM(S15:U15) -> 0 | W15: 0 | X15: 0 | Y15: =[1]September!AX13+[2]September!AX13+[3]September!AW13 -> 0 | Z15: =SUM(W15:Y15) -> 0 | AA15: =(F15+J15+N15+R15+V15+Z15) -> 419.78 | AB15: kg/hari | AD15: 8 | AE15: 08 | AF15: =(C15+G15+K15+O15+S15+W15) -> 11.2 | AG15: =(D15+H15+L15+P15+T15+X15) -> 8.58 | AH15: =(E15+I15+M15+Q15++U15+Y15) -> 400 | AJ15: 8 | AK15: 08 | AL15: =AF15 -> 11.2 | AM15: =AL15/AA15 -> 0.026680642 | AN15: =AG15 -> 8.58 | AO15: =AN15/AA15 -> 0.020439278 | AP15: =AH15 -> 400 | AQ15: =AP15/AA15 -> 0.95288008
A16: 9 | B16: 09 | C16: 19.2 | D16: =((3.4+1)*1.3)*2 -> 11.44 | E16: =[1]September!O14+[2]September!O14+[3]September!O14 -> 245 | F16: =SUM(C16:E16) -> 275.64 | G16: 19.2 | H16: =((2+1)*1.3)*2 -> 7.8 | I16: =[1]September!V14+[2]September!V14+[3]September!V14 -> 400 | J16: =SUM(G16:I16) -> 427 | K16: 10.8 | L16: 4.94 | M16: 125 | N16: =SUM(K16:M16) -> 140.74 | O16: 19.6 | P16: =((4.4+1)*1.3)*2 -> 14.04 | Q16: =[1]September!AC14+[2]September!AC14+[3]November!AC14 -> 200 | R16: =SUM(O16:Q16) -> 233.64 | S16: 0 | T16: =((2+2)*1.3)*2 -> 10.4 | U16: =25+45 -> 70 | V16: =SUM(S16:U16) -> 80.4 | W16: 0 | X16: 57.2 | Y16: =[1]September!AX14+[2]September!AX14+[3]September!AW14 -> 200 | Z16: =SUM(W16:Y16) -> 257.2 | AA16: =(F16+J16+N16+R16+V16+Z16) -> 1414.62 | AB16: kg/hari | AD16: 9 | AE16: 09 | AF16: =(C16+G16+K16+O16+S16+W16) -> 68.8 | AG16: =(D16+H16+L16+P16+T16+X16) -> 105.82 | AH16: =(E16+I16+M16+Q16++U16+Y16) -> 1240 | AJ16: 9 | AK16: 09 | AL16: =AF16 -> 68.8 | AM16: =AL16/AA16 -> 0.048634969 | AN16: =AG16 -> 105.82 | AO16: =AN16/AA16 -> 0.074804541 | AP16: =AH16 -> 1240 | AQ16: =AP16/AA16 -> 0.87656049
A17: 10 | B17: 10 | C17: 14 | D17: 5.2 | E17: =[1]September!O15+[2]September!O15+[3]September!O15 -> 235 | F17: =SUM(C17:E17) -> 254.2 | G17: 15.6 | H17: =((2+1)*1.3)*2 -> 7.8 | I17: =[1]September!V15+[2]September!V15+[3]September!V15 -> 675 | J17: =SUM(G17:I17) -> 698.4 | K17: 11.6 | L17: 9.36 | M17: 100 | N17: =SUM(K17:M17) -> 120.96 | O17: 20.4 | P17: 13.78 | Q17: =[1]September!AC15+[2]September!AC15+[3]November!AC15 -> 200 | R17: =SUM(O17:Q17) -> 234.18 | S17: 0 | T17: =((2+2)*1.3)*2 -> 10.4 | U17: =60+130 -> 190 | V17: =SUM(S17:U17) -> 200.4 | W17: 0 | X17: 57.2 | Y17: =[1]September!AX15+[2]September!AX15+[3]September!AW15 -> 200 | Z17: =SUM(W17:Y17) -> 257.2 | AA17: =(F17+J17+N17+R17+V17+Z17) -> 1765.34 | AB17: kg/hari | AD17: 10 | AE17: 10 | AF17: =(C17+G17+K17+O17+S17+W17) -> 61.6 | AG17: =(D17+H17+L17+P17+T17+X17) -> 103.74 | AH17: =(E17+I17+M17+Q17++U17+Y17) -> 1600 | AJ17: 10 | AK17: 10 | AL17: =AF17 -> 61.6 | AM17: =AL17/AA17 -> 0.034894128 | AN17: =AG17 -> 103.74 | AO17: =AN17/AA17 -> 0.058764884 | AP17: =AH17 -> 1600 | AQ17: =AP17/AA17 -> 0.90634099
A18: 11 | B18: 11 | C18: 10.8 | D18: =((2.1+1)*1.3)*2 -> 8.06 | E18: =[1]September!O16+[2]September!O16+[3]September!O16 -> 295 | F18: =SUM(C18:E18) -> 313.86 | G18: 16.8 | H18: 13.26 | I18: =[1]September!V16+[2]September!V16+[3]September!V16 -> 350 | J18: =SUM(G18:I18) -> 380.06 | K18: 14 | L18: 6.5 | M18: 105 | N18: =SUM(K18:M18) -> 125.5 | O18: 24.8 | P18: =((4.8+1)*1.3)*2 -> 15.08 | Q18: =[1]September!AC16+[2]September!AC16+[3]November!AC16 -> 850 | R18: =SUM(O18:Q18) -> 889.88 | S18: 0 | T18: =((1+2)*1.3)*2 -> 7.8 | U18: =10+45 -> 55 | V18: =SUM(S18:U18) -> 62.8 | W18: 0 | X18: 2.6 | Y18: =[1]September!AX16+[2]September!AX16+[3]September!AW16 -> 150 | Z18: =SUM(W18:Y18) -> 152.6 | AA18: =(F18+J18+N18+R18+V18+Z18) -> 1924.7 | AB18: kg/hari | AD18: 11 | AE18: 11 | AF18: =(C18+G18+K18+O18+S18+W18) -> 66.4 | AG18: =(D18+H18+L18+P18+T18+X18) -> 53.3 | AH18: =(E18+I18+M18+Q18++U18+Y18) -> 1805 | AJ18: 11 | AK18: 11 | AL18: =AF18 -> 66.4 | AM18: =AL18/AA18 -> 0.034498883 | AN18: =AG18 -> 53.3 | AO18: =AN18/AA18 -> 0.027692627 | AP18: =AH18 -> 1805 | AQ18: =AP18/AA18 -> 0.93780849
A19: 12 | B19: 12 | C19: 12.8 | D19: 13.52 | E19: =[1]September!O17+[2]September!O17+[3]September!O17 -> 240 | F19: =SUM(C19:E19) -> 266.32 | G19: 20.4 | H19: =((3.6+1)*1.3)*2 -> 11.96 | I19: =[1]September!V17+[2]September!V17+[3]September!V17 -> 350 | J19: =SUM(G19:I19) -> 382.36 | K19: 14.8 | L19: 5.2 | M19: 100 | N19: =SUM(K19:M19) -> 120 | O19: 23.2 | P19: =((4.1+1)*1.3)*2 -> 13.26 | Q19: =[1]September!AC17+[2]September!AC17+[3]November!AC17 -> 1100 | R19: =SUM(O19:Q19) -> 1136.46 | S19: 0 | T19: =((1+1)*1.3)*2 -> 5.2 | U19: =110+35 -> 145 | V19: =SUM(S19:U19) -> 150.2 | W19: 0 | X19: 54.6 | Y19: =[1]September!AX17+[2]September!AX17+[3]September!AW17 -> 200 | Z19: =SUM(W19:Y19) -> 254.6 | AA19: =(F19+J19+N19+R19+V19+Z19) -> 2309.94 | AB19: kg/hari | AD19: 12 | AE19: 12 | AF19: =(C19+G19+K19+O19+S19+W19) -> 71.2 | AG19: =(D19+H19+L19+P19+T19+X19) -> 103.74 | AH19: =(E19+I19+M19+Q19++U19+Y19) -> 2135 | AJ19: 12 | AK19: 12 | AL19: =AF19 -> 71.2 | AM19: =AL19/AA19 -> 0.030823311 | AN19: =AG19 -> 103.74 | AO19: =AN19/AA19 -> 0.044910257 | AP19: =AH19 -> 2135 | AQ19: =AP19/AA19 -> 0.92426643
A20: 13 | B20: 13 | C20: 15.2 | D20: 0 | E20: =[1]September!O18+[2]September!O18+[3]September!O18 -> 215 | F20: =SUM(C20:E20) -> 230.2 | G20: 15.2 | H20: =((1.4+1)*1.3)*2 -> 6.24 | I20: =[1]September!V18+[2]September!V18+[3]September!V18 -> 400 | J20: =SUM(G20:I20) -> 421.44 | K20: 13.6 | L20: 2.08 | M20: 100 | N20: =SUM(K20:M20) -> 115.68 | O20: 26 | P20: 7.8 | Q20: =[1]September!AC18+[2]September!AC18+[3]November!AC18 -> 850 | R20: =SUM(O20:Q20) -> 883.8 | S20: 0 | T20: 5.2 | U20: =180+20 -> 200 | V20: =SUM(S20:U20) -> 205.2 | W20: 0 | X20: 52 | Y20: =[1]September!AX18+[2]September!AX18+[3]September!AW18 -> 200 | Z20: =SUM(W20:Y20) -> 252 | AA20: =(F20+J20+N20+R20+V20+Z20) -> 2108.32 | AB20: kg/hari | AD20: 13 | AE20: 13 | AF20: =(C20+G20+K20+O20+S20+W20) -> 70 | AG20: =(D20+H20+L20+P20+T20+X20) -> 73.32 | AH20: =(E20+I20+M20+Q20++U20+Y20) -> 1965 | AJ20: 13 | AK20: 13 | AL20: =AF20 -> 70 | AM20: =AL20/AA20 -> 0.033201791 | AN20: =AG20 -> 73.32 | AO20: =AN20/AA20 -> 0.034776505 | AP20: =AH20 -> 1965 | AQ20: =AP20/AA20 -> 0.9320217
A21: 14 | B21: 14 | C21: 0 | D21: 0 | E21: =[1]September!O19+[2]September!O19+[3]September!O19 -> 145 | F21: =SUM(C21:E21) -> 145 | G21: 0 | H21: 0 | I21: =[1]September!V19+[2]September!V19+[3]September!V19 -> 200 | J21: =SUM(G21:I21) -> 200 | K21: 18 | L21: 7.02 | M21: 100 | N21: =SUM(K21:M21) -> 125.02 | O21: 25.2 | P21: =((3.7+2)*1.3)*2 -> 14.82 | Q21: =[1]September!AC19+[2]September!AC19+[3]November!AC19 -> 900 | R21: =SUM(O21:Q21) -> 940.02 | S21: 0 | T21: 2.6 | U21: 50 | V21: =SUM(S21:U21) -> 52.6 | W21: 0 | X21: 0 | Y21: =[1]September!AX19+[2]September!AX19+[3]September!AW19 -> 150 | Z21: =SUM(W21:Y21) -> 150 | AA21: =(F21+J21+N21+R21+V21+Z21) -> 1612.64 | AB21: kg/hari | AD21: 14 | AE21: 14 | AF21: =(C21+G21+K21+O21+S21+W21) -> 43.2 | AG21: =(D21+H21+L21+P21+T21+X21) -> 24.44 | AH21: =(E21+I21+M21+Q21++U21+Y21) -> 1545 | AJ21: 14 | AK21: 14 | AL21: =AF21 -> 43.2 | AM21: =AL21/AA21 -> 0.026788372 | AN21: =AG21 -> 24.44 | AO21: =AN21/AA21 -> 0.015155273 | AP21: =AH21 -> 1545 | AQ21: =AP21/AA21 -> 0.95805635
A22: 15 | B22: 15 | C22: 0 | D22: 0 | E22: =[1]September!O20+[2]September!O20+[3]September!O20 -> 0 | F22: =SUM(C22:E22) -> 0 | G22: 0 | H22: 0 | I22: =[1]September!V20+[2]September!V20+[3]September!V20 -> 0 | J22: =SUM(G22:I22) -> 0 | K22: 12.4 | L22: 3.64 | N22: =SUM(K22:M22) -> 16.04 | O22: 0 | P22: 0 | Q22: =[1]September!AC20+[2]September!AC20+[3]November!AC20 -> 800 | R22: =SUM(O22:Q22) -> 800 | S22: 0 | T22: 0 | V22: =SUM(S22:U22) -> 0 | W22: 0 | X22: 0 | Y22: =[1]September!AX20+[2]September!AX20+[3]September!AW20 -> 0 | Z22: =SUM(W22:Y22) -> 0 | AA22: =(F22+J22+N22+R22+V22+Z22) -> 816.04 | AB22: kg/hari | AD22: 15 | AE22: 15 | AF22: =(C22+G22+K22+O22+S22+W22) -> 12.4 | AG22: =(D22+H22+L22+P22+T22+X22) -> 3.64 | AH22: =(E22+I22+M22+Q22++U22+Y22) -> 800 | AJ22: 15 | AK22: 15 | AL22: =AF22 -> 12.4 | AM22: =AL22/AA22 -> 0.015195334 | AN22: =AG22 -> 3.64 | AO22: =AN22/AA22 -> 0.0044605657 | AP22: =AH22 -> 800 | AQ22: =AP22/AA22 -> 0.9803441
A23: 16 | B23: 16 | C23: 0 | D23: 0 | E23: =[1]September!O21+[2]September!O21+[3]September!O21 -> 0 | F23: =SUM(C23:E23) -> 0 | G23: 0 | H23: 0 | I23: =[1]September!V21+[2]September!V21+[3]September!V21 -> 0 | J23: =SUM(G23:I23) -> 0 | K23: 20.4 | L23: 1.82 | N23: =SUM(K23:M23) -> 22.22 | O23: 0 | P23: 0 | Q23: =[1]September!AC21+[2]September!AC21+[3]November!AC21 -> 500 | R23: =SUM(O23:Q23) -> 500 | S23: 0 | T23: 0 | V23: =SUM(S23:U23) -> 0 | W23: 0 | X23: 0 | Y23: =[1]September!AX21+[2]September!AX21+[3]September!AW21 -> 0 | Z23: =SUM(W23:Y23) -> 0 | AA23: =(F23+J23+N23+R23+V23+Z23) -> 522.22 | AB23: kg/hari | AD23: 16 | AE23: 16 | AF23: =(C23+G23+K23+O23+S23+W23) -> 20.4 | AG23: =(D23+H23+L23+P23+T23+X23) -> 1.82 | AH23: =(E23+I23+M23+Q23++U23+Y23) -> 500 | AJ23: 16 | AK23: 16 | AL23: =AF23 -> 20.4 | AM23: =AL23/AA23 -> 0.039063996 | AN23: =AG23 -> 1.82 | AO23: =AN23/AA23 -> 0.0034851212 | AP23: =AH23 -> 500 | AQ23: =AP23/AA23 -> 0.95745088
A24: 17 | B24: 17 | C24: 22.4 | D24: =((1.8+1)*1.3)*2 -> 7.28 | E24: =[1]September!O22+[2]September!O22+[3]September!O22 -> 145 | F24: =SUM(C24:E24) -> 174.68 | G24: 18 | H24: =((5.1+1)*1.3)*2 -> 15.86 | I24: =[1]September!V22+[2]September!V22+[3]September!V22 -> 500 | J24: =SUM(G24:I24) -> 533.86 | K24: 15.6 | L24: 8.32 | M24: 100 | N24: =SUM(K24:M24) -> 123.92 | O24: 0 | P24: 2.6 | Q24: =[1]September!AC22+[2]September!AC22+[3]November!AC22 -> 100 | R24: =SUM(O24:Q24) -> 102.6 | S24: 0 | T24: 5.2 | U24: 45 | V24: =SUM(S24:U24) -> 50.2 | W24: 0 | X24: 52 | Y24: =[1]September!AX22+[2]September!AX22+[3]September!AW22 -> 101 | Z24: =SUM(W24:Y24) -> 153 | AA24: =(F24+J24+N24+R24+V24+Z24) -> 1138.26 | AB24: kg/hari | AD24: 17 | AE24: 17 | AF24: =(C24+G24+K24+O24+S24+W24) -> 56 | AG24: =(D24+H24+L24+P24+T24+X24) -> 91.26 | AH24: =(E24+I24+M24+Q24++U24+Y24) -> 991 | AJ24: 17 | AK24: 17 | AL24: =AF24 -> 56 | AM24: =AL24/AA24 -> 0.049197899 | AN24: =AG24 -> 91.26 | AO24: =AN24/AA24 -> 0.080175004 | AP24: =AH24 -> 991 | AQ24: =AP24/AA24 -> 0.8706271
A25: 18 | B25: 18 | C25: 12.4 | D25: 7.8 | E25: =[1]September!O23+[2]September!O23+[3]September!O23 -> 280 | F25: =SUM(C25:E25) -> 300.2 | G25: 12.8 | H25: =((1.8+1)*1.3)*2 -> 7.28 | I25: =[1]September!V23+[2]September!V23+[3]September!V23 -> 350 | J25: =SUM(G25:I25) -> 370.08 | K25: 16.8 | L25: 9.36 | M25: 200 | N25: =SUM(K25:M25) -> 226.16 | O25: 30 | P25: 15.08 | Q25: =[1]September!AC23+[2]September!AC23+[3]November!AC23 -> 850 | R25: =SUM(O25:Q25) -> 895.08 | S25: 0 | T25: 2.6 | U25: =100+30 -> 130 | V25: =SUM(S25:U25) -> 132.6 | W25: 0 | X25: 52 | Y25: =[1]September!AX23+[2]September!AX23+[3]September!AW23 -> 350 | Z25: =SUM(W25:Y25) -> 402 | AA25: =(F25+J25+N25+R25+V25+Z25) -> 2326.12 | AB25: kg/hari | AD25: 18 | AE25: 18 | AF25: =(C25+G25+K25+O25+S25+W25) -> 72 | AG25: =(D25+H25+L25+P25+T25+X25) -> 94.12 | AH25: =(E25+I25+M25+Q25++U25+Y25) -> 2160 | AJ25: 18 | AK25: 18 | AL25: =AF25 -> 72 | AM25: =AL25/AA25 -> 0.030952831 | AN25: =AG25 -> 94.12 | AO25: =AN25/AA25 -> 0.040462229 | AP25: =AH25 -> 2160 | AQ25: =AP25/AA25 -> 0.92858494
A26: 19 | B26: 19 | C26: 10.4 | D26: 5.2 | E26: =[1]September!O24+[2]September!O24+[3]September!O24 -> 170 | F26: =SUM(C26:E26) -> 185.6 | G26: 16.4 | H26: =((1+1)*1.3)*2 -> 5.2 | I26: =[1]September!V24+[2]September!V24+[3]September!V24 -> 360 | J26: =SUM(G26:I26) -> 381.6 | K26: 17.2 | L26: 4.68 | M26: 100 | N26: =SUM(K26:M26) -> 121.88 | O26: 18.8 | P26: =((1.5+1)*1.3)*2 -> 6.5 | Q26: =[1]September!AC24+[2]September!AC24+[3]November!AC24 -> 550 | R26: =SUM(O26:Q26) -> 575.3 | S26: 0 | T26: 7.8 | U26: =150+10 -> 160 | V26: =SUM(S26:U26) -> 167.8 | W26: 0 | X26: 52 | Y26: =[1]September!AX24+[2]September!AX24+[3]September!AW24 -> 160 | Z26: =SUM(W26:Y26) -> 212 | AA26: =(F26+J26+N26+R26+V26+Z26) -> 1644.18 | AB26: kg/hari | AD26: 19 | AE26: 19 | AF26: =(C26+G26+K26+O26+S26+W26) -> 62.8 | AG26: =(D26+H26+L26+P26+T26+X26) -> 81.38 | AH26: =(E26+I26+M26+Q26++U26+Y26) -> 1500 | AJ26: 19 | AK26: 19 | AL26: =AF26 -> 62.8 | AM26: =AL26/AA26 -> 0.038195331 | AN26: =AG26 -> 81.38 | AO26: =AN26/AA26 -> 0.049495797 | AP26: =AH26 -> 1500 | AQ26: =AP26/AA26 -> 0.91230887
A27: 20 | B27: 20 | C27: 17.2 | D27: 3.38 | E27: =[1]September!O25+[2]September!O25+[3]September!O25 -> 220 | F27: =SUM(C27:E27) -> 240.58 | G27: 13.2 | H27: 5.2 | I27: =[1]September!V25+[2]September!V25+[3]September!V25 -> 300 | J27: =SUM(G27:I27) -> 318.4 | K27: 16.8 | L27: 6.24 | M27: 50 | N27: =SUM(K27:M27) -> 73.04 | O27: 21.2 | P27: =((4.2+1)*1.3)*2 -> 13.52 | Q27: =[1]September!AC25+[2]September!AC25+[3]November!AC25 -> 1060 | R27: =SUM(O27:Q27) -> 1094.72 | S27: 0 | T27: 2.6 | U27: =50+20 -> 70 | V27: =SUM(S27:U27) -> 72.6 | W27: 0 | X27: 52 | Y27: =[1]September!AX25+[2]September!AX25+[3]September!AW25 -> 165 | Z27: =SUM(W27:Y27) -> 217 | AA27: =(F27+J27+N27+R27+V27+Z27) -> 2016.34 | AB27: kg/hari | AD27: 20 | AE27: 20 | AF27: =(C27+G27+K27+O27+S27+W27) -> 68.4 | AG27: =(D27+H27+L27+P27+T27+X27) -> 82.94 | AH27: =(E27+I27+M27+Q27++U27+Y27) -> 1865 | AJ27: 20 | AK27: 20 | AL27: =AF27 -> 68.4 | AM27: =AL27/AA27 -> 0.03392285 | AN27: =AG27 -> 82.94 | AO27: =AN27/AA27 -> 0.041133936 | AP27: =AH27 -> 1865 | AQ27: =AP27/AA27 -> 0.92494321
A28: 21 | B28: 21 | C28: 0 | D28: 0 | E28: =[1]September!O26+[2]September!O26+[3]September!O26 -> 50 | F28: =SUM(C28:E28) -> 50 | G28: 0 | H28: 0 | I28: =[1]September!V26+[2]September!V26+[3]September!V26 -> 150 | J28: =SUM(G28:I28) -> 150 | K28: 20.8 | L28: 4.68 | N28: =SUM(K28:M28) -> 25.48 | O28: 0 | P28: 2.6 | Q28: =[1]September!AC26+[2]September!AC26+[3]November!AC26 -> 800 | R28: =SUM(O28:Q28) -> 802.6 | S28: 0 | T28: 2.6 | U28: 50 | V28: =SUM(S28:U28) -> 52.6 | W28: 0 | X28: 0 | Y28: =[1]September!AX26+[2]September!AX26+[3]September!AW26 -> 110 | Z28: =SUM(W28:Y28) -> 110 | AA28: =(F28+J28+N28+R28+V28+Z28) -> 1190.68 | AB28: kg/hari | AD28: 21 | AE28: 21 | AF28: =(C28+G28+K28+O28+S28+W28) -> 20.8 | AG28: =(D28+H28+L28+P28+T28+X28) -> 9.88 | AH28: =(E28+I28+M28+Q28++U28+Y28) -> 1160 | AJ28: 21 | AK28: 21 | AL28: =AF28 -> 20.8 | AM28: =AL28/AA28 -> 0.017469009 | AN28: =AG28 -> 9.88 | AO28: =AN28/AA28 -> 0.0082977794 | AP28: =AH28 -> 1160 | AQ28: =AP28/AA28 -> 0.97423321
A29: 22 | B29: 22 | C29: 0 | D29: 0 | E29: =[1]September!O27+[2]September!O27+[3]September!O27 -> 0 | F29: =SUM(C29:E29) -> 0 | G29: 0 | H29: 0 | I29: =[1]September!V27+[2]September!V27+[3]September!V27 -> 0 | J29: =SUM(G29:I29) -> 0 | K29: 15.6 | L29: 6.5 | N29: =SUM(K29:M29) -> 22.1 | O29: 0 | P29: 0 | Q29: =[1]September!AC27+[2]September!AC27+[3]November!AC27 -> 750 | R29: =SUM(O29:Q29) -> 750 | S29: 0 | T29: 2.6 | V29: =SUM(S29:U29) -> 2.6 | W29: 0 | X29: 0 | Y29: =[1]September!AX27+[2]September!AX27+[3]September!AW27 -> 0 | Z29: =SUM(W29:Y29) -> 0 | AA29: =(F29+J29+N29+R29+V29+Z29) -> 774.7 | AB29: kg/hari | AD29: 22 | AE29: 22 | AF29: =(C29+G29+K29+O29+S29+W29) -> 15.6 | AG29: =(D29+H29+L29+P29+T29+X29) -> 9.1 | AH29: =(E29+I29+M29+Q29++U29+Y29) -> 750 | AJ29: 22 | AK29: 22 | AL29: =AF29 -> 15.6 | AM29: =AL29/AA29 -> 0.020136827 | AN29: =AG29 -> 9.1 | AO29: =AN29/AA29 -> 0.011746483 | AP29: =AH29 -> 750 | AQ29: =AP29/AA29 -> 0.96811669
A30: 23 | B30: 23 | C30: 19.6 | D30: =((1.4+1)*1.3)*2 -> 6.24 | E30: =[1]September!O28+[2]September!O28+[3]September!O28 -> 175 | F30: =SUM(C30:E30) -> 200.84 | G30: 18.8 | H30: =((2.2+1)*1.3)*2 -> 8.32 | I30: =[1]September!V28+[2]September!V28+[3]September!V28 -> 350 | J30: =SUM(G30:I30) -> 377.12 | K30: 18 | L30: 9.88 | M30: 100 | N30: =SUM(K30:M30) -> 127.88 | O30: 25.6 | P30: =((4.6+2)*1.3)*2 -> 17.16 | Q30: =[1]September!AC28+[2]September!AC28+[3]November!AC28 -> 200 | R30: =SUM(O30:Q30) -> 242.76 | S30: 0 | T30: 5.2 | U30: =100+30 -> 130 | V30: =SUM(S30:U30) -> 135.2 | W30: 0 | X30: 52 | Y30: =[1]September!AX28+[2]September!AX28+[3]September!AW28 -> 220 | Z30: =SUM(W30:Y30) -> 272 | AA30: =(F30+J30+N30+R30+V30+Z30) -> 1355.8 | AB30: kg/hari | AD30: 23 | AE30: 23 | AF30: =(C30+G30+K30+O30+S30+W30) -> 82 | AG30: =(D30+H30+L30+P30+T30+X30) -> 98.8 | AH30: =(E30+I30+M30+Q30++U30+Y30) -> 1175 | AJ30: 23 | AK30: 23 | AL30: =AF30 -> 82 | AM30: =AL30/AA30 -> 0.060480897 | AN30: =AG30 -> 98.8 | AO30: =AN30/AA30 -> 0.072872105 | AP30: =AH30 -> 1175 | AQ30: =AP30/AA30 -> 0.866647
A31: 24 | B31: 24 | C31: 11.2 | D31: 0 | E31: =[1]September!O29+[2]September!O29+[3]September!O29 -> 190 | F31: =SUM(C31:E31) -> 201.2 | G31: 20.8 | H31: 3.12 | I31: =[1]September!V29+[2]September!V29+[3]September!V29 -> 300 | J31: =SUM(G31:I31) -> 323.92 | K31: 20.4 | L31: 7.54 | M31: 100 | N31: =SUM(K31:M31) -> 127.94 | O31: 23.6 | P31: =((0.9+1)*1.3)*2 -> 4.94 | Q31: =[1]September!AC29+[2]September!AC29+[3]November!AC29 -> 150 | R31: =SUM(O31:Q31) -> 178.54 | S31: 0 | T31: 2.6 | U31: =30+40 -> 70 | V31: =SUM(S31:U31) -> 72.6 | W31: 0 | X31: 52 | Y31: =[1]September!AX29+[2]September!AX29+[3]September!AW29 -> 170 | Z31: =SUM(W31:Y31) -> 222 | AA31: =(F31+J31+N31+R31+V31+Z31) -> 1126.2 | AB31: kg/hari | AD31: 24 | AE31: 24 | AF31: =(C31+G31+K31+O31+S31+W31) -> 76 | AG31: =(D31+H31+L31+P31+T31+X31) -> 70.2 | AH31: =(E31+I31+M31+Q31++U31+Y31) -> 980 | AJ31: 24 | AK31: 24 | AL31: =AF31 -> 76 | AM31: =AL31/AA31 -> 0.067483573 | AN31: =AG31 -> 70.2 | AO31: =AN31/AA31 -> 0.062333511 | AP31: =AH31 -> 980 | AQ31: =AP31/AA31 -> 0.87018292
A32: 25 | B32: 25 | C32: 12.4 | D32: =((2.3+1)*1.3)*2 -> 8.58 | E32: =[1]September!O30+[2]September!O30+[3]September!O30 -> 255 | F32: =SUM(C32:E32) -> 275.98 | G32: 24.4 | H32: =((2.6+1)*1.3)*2 -> 9.36 | I32: =[1]September!V30+[2]September!V30+[3]September!V30 -> 350 | J32: =SUM(G32:I32) -> 383.76 | K32: 24.8 | L32: 8.32 | M32: 100 | N32: =SUM(K32:M32) -> 133.12 | O32: 28.8 | P32: 7.8 | Q32: =[1]September!AC30+[2]September!AC30+[3]November!AC30 -> 970 | R32: =SUM(O32:Q32) -> 1006.6 | S32: 0 | T32: 5.2 | U32: =100+25 -> 125 | V32: =SUM(S32:U32) -> 130.2 | W32: 0 | X32: 52 | Y32: =[1]September!AX30+[2]September!AX30+[3]September!AW30 -> 120 | Z32: =SUM(W32:Y32) -> 172 | AA32: =(F32+J32+N32+R32+V32+Z32) -> 2101.66 | AB32: kg/hari | AD32: 25 | AE32: 25 | AF32: =(C32+G32+K32+O32+S32+W32) -> 90.4 | AG32: =(D32+H32+L32+P32+T32+X32) -> 91.26 | AH32: =(E32+I32+M32+Q32++U32+Y32) -> 1920 | AJ32: 25 | AK32: 25 | AL32: =AF32 -> 90.4 | AM32: =AL32/AA32 -> 0.043013618 | AN32: =AG32 -> 91.26 | AO32: =AN32/AA32 -> 0.043422818 | AP32: =AH32 -> 1920 | AQ32: =AP32/AA32 -> 0.91356356
A33: 26 | B33: 26 | C33: 14.4 | D33: 3.9 | E33: =[1]September!O31+[2]September!O31+[3]September!O31 -> 285 | F33: =SUM(C33:E33) -> 303.3 | G33: 15.2 | H33: 9.1 | I33: =[1]September!V31+[2]September!V31+[3]September!V31 -> 300 | J33: =SUM(G33:I33) -> 324.3 | K33: 15.6 | L33: 4.94 | M33: 100 | N33: =SUM(K33:M33) -> 120.54 | O33: 20.4 | P33: =((4.9+1)*1.3)*2 -> 15.34 | Q33: =[1]September!AC31+[2]September!AC31+[3]November!AC31 -> 1050 | R33: =SUM(O33:Q33) -> 1085.74 | S33: 0 | T33: 2.6 | U33: =30+35 -> 65 | V33: =SUM(S33:U33) -> 67.6 | W33: 0 | X33: 0 | Y33: =[1]September!AX31+[2]September!AX31+[3]September!AW31 -> 235 | Z33: =SUM(W33:Y33) -> 235 | AA33: =(F33+J33+N33+R33+V33+Z33) -> 2136.48 | AB33: kg/hari | AD33: 26 | AE33: 26 | AF33: =(C33+G33+K33+O33+S33+W33) -> 65.6 | AG33: =(D33+H33+L33+P33+T33+X33) -> 35.88 | AH33: =(E33+I33+M33+Q33++U33+Y33) -> 2035 | AJ33: 26 | AK33: 26 | AL33: =AF33 -> 65.6 | AM33: =AL33/AA33 -> 0.030704711 | AN33: =AG33 -> 35.88 | AO33: =AN33/AA33 -> 0.016793979 | AP33: =AH33 -> 2035 | AQ33: =AP33/AA33 -> 0.95250131
A34: 27 | B34: 27 | C34: 12.8 | D34: =((1.2+1)*1.3)*2 -> 5.72 | E34: =[1]September!O32+[2]September!O32+[3]September!O32 -> 190 | F34: =SUM(C34:E34) -> 208.52 | G34: 14 | H34: =((3.2+1)*1.3)*2 -> 10.92 | I34: =[1]September!V32+[2]September!V32+[3]September!V32 -> 215 | J34: =SUM(G34:I34) -> 239.92 | K34: 15.6 | L34: 1.82 | M34: 100 | N34: =SUM(K34:M34) -> 117.42 | O34: 19.2 | P34: 3.12 | Q34: =[1]September!AC32+[2]September!AC32+[3]November!AC32 -> 250 | R34: =SUM(O34:Q34) -> 272.32 | S34: 0 | T34: 5.2 | U34: =50+40 -> 90 | V34: =SUM(S34:U34) -> 95.2 | W34: 0 | X34: 52 | Y34: =[1]September!AX32+[2]September!AX32+[3]September!AW32 -> 150 | Z34: =SUM(W34:Y34) -> 202 | AA34: =(F34+J34+N34+R34+V34+Z34) -> 1135.38 | AB34: kg/hari | AD34: 27 | AE34: 27 | AF34: =(C34+G34+K34+O34+S34+W34) -> 61.6 | AG34: =(D34+H34+L34+P34+T34+X34) -> 78.78 | AH34: =(E34+I34+M34+Q34++U34+Y34) -> 995 | AJ34: 27 | AK34: 27 | AL34: =AF34 -> 61.6 | AM34: =AL34/AA34 -> 0.054254963 | AN34: =AG34 -> 78.78 | AO34: =AN34/AA34 -> 0.069386461 | AP34: =AH34 -> 995 | AQ34: =AP34/AA34 -> 0.87635858
A35: 28 | B35: 28 | C35: 0 | D35: 0 | E35: =[1]September!O33+[2]September!O33+[3]September!O33 -> 200 | F35: =SUM(C35:E35) -> 200 | G35: 0 | H35: 0 | I35: =[1]September!V33+[2]September!V33+[3]September!V33 -> 150 | J35: =SUM(G35:I35) -> 150 | K35: 18 | L35: 2.86 | N35: =SUM(K35:M35) -> 20.86 | O35: 0 | P35: 2.6 | Q35: =[1]September!AC33+[2]September!AC33+[3]November!AC33 -> 1000 | R35: =SUM(O35:Q35) -> 1002.6 | S35: 0 | T35: 0 | U35: 150 | V35: =SUM(S35:U35) -> 150 | W35: 0 | X35: 0 | Y35: =[1]September!AX33+[2]September!AX33+[3]September!AW33 -> 100 | Z35: =SUM(W35:Y35) -> 100 | AA35: =(F35+J35+N35+R35+V35+Z35) -> 1623.46 | AB35: kg/hari | AD35: 28 | AE35: 28 | AF35: =(C35+G35+K35+O35+S35+W35) -> 18 | AG35: =(D35+H35+L35+P35+T35+X35) -> 5.46 | AH35: =(E35+I35+M35+Q35++U35+Y35) -> 1600 | AJ35: 28 | AK35: 28 | AL35: =AF35 -> 18 | AM35: =AL35/AA35 -> 0.011087431 | AN35: =AG35 -> 5.46 | AO35: =AN35/AA35 -> 0.0033631873 | AP35: =AH35 -> 1600 | AQ35: =AP35/AA35 -> 0.98554938
A36: 29 | B36: 29 | C36: 0 | D36: 0 | E36: =[1]September!O34+[2]September!O34+[3]September!O34 -> 0 | F36: =SUM(C36:E36) -> 0 | G36: 0 | H36: 0 | I36: =[1]September!V34+[2]September!V34+[3]September!V34 -> 0 | J36: =SUM(G36:I36) -> 0 | K36: 26 | L36: 3.9 | N36: =SUM(K36:M36) -> 29.9 | O36: 0 | P36: 0 | Q36: =[1]September!AC34+[2]September!AC34+[3]November!AC34 -> 650 | R36: =SUM(O36:Q36) -> 650 | S36: 0 | T36: 0 | V36: =SUM(S36:U36) -> 0 | W36: 0 | X36: 0 | Y36: =[1]September!AX34+[2]September!AX34+[3]September!AW34 -> 0 | Z36: =SUM(W36:Y36) -> 0 | AA36: =(F36+J36+N36+R36+V36+Z36) -> 679.9 | AB36: kg/hari | AD36: 29 | AE36: 29 | AF36: =(C36+G36+K36+O36+S36+W36) -> 26 | AG36: =(D36+H36+L36+P36+T36+X36) -> 3.9 | AH36: =(E36+I36+M36+Q36++U36+Y36) -> 650 | AJ36: 29 | AK36: 29 | AL36: =AF36 -> 26 | AM36: =AL36/AA36 -> 0.038240918 | AN36: =AG36 -> 3.9 | AO36: =AN36/AA36 -> 0.0057361377 | AP36: =AH36 -> 650 | AQ36: =AP36/AA36 -> 0.95602294
A37: 30 | B37: 30 | C37: 15.6 | D37: =((1.2+1)*1.3)*2 -> 5.72 | E37: =[1]September!O35+[2]September!O35+[3]September!O35 -> 240 | F37: =SUM(C37:E37) -> 261.32 | G37: 14 | H37: =((1.5+1)*1.3)*2 -> 6.5 | I37: =[1]September!V35+[2]September!V35+[3]September!V35 -> 1130 | J37: =SUM(G37:I37) -> 1150.5 | K37: 15.6 | L37: 3.38 | M37: 100 | N37: =SUM(K37:M37) -> 118.98 | O37: 26.8 | P37: 2.6 | Q37: =[1]September!AC35+[2]September!AC35+[3]November!AC35 -> 350 | R37: =SUM(O37:Q37) -> 379.4 | S37: 0 | T37: 5.2 | U37: 100 | V37: =SUM(S37:U37) -> 105.2 | W37: 0 | X37: 52 | Y37: =[1]September!AX35+[2]September!AX35+[3]September!AW35 -> 271 | Z37: =SUM(W37:Y37) -> 323 | AA37: =(F37+J37+N37+R37+V37+Z37) -> 2338.4 | AB37: kg/hari | AD37: 30 | AE37: 30 | AF37: =(C37+G37+K37+O37+S37+W37) -> 72 | AG37: =(D37+H37+L37+P37+T37+X37) -> 75.4 | AH37: =(E37+I37+M37+Q37++U37+Y37) -> 2191 | AJ37: 30 | AK37: 30 | AL37: =AF37 -> 72 | AM37: =AL37/AA37 -> 0.030790284 | AN37: =AG37 -> 75.4 | AO37: =AN37/AA37 -> 0.03224427 | AP37: =AH37 -> 2191 | AQ37: =AP37/AA37 -> 0.93696545
A38: 31 | B38: 31 | F38: =SUM(C38:E38) -> 0 | J38: =SUM(G38:I38) -> 0 | N38: =SUM(K38:M38) -> 0 | R38: =SUM(O38:Q38) -> 0 | V38: =SUM(S38:U38) -> 0 | Z38: =SUM(W38:Y38) -> 0 | AA38: =(F38+J38+N38+R38+V38+Z38) -> 0 | AB38: kg/hari | AD38: 31 | AE38: 31 | AF38: =(C38+G38+K38+O38+S38+W38) -> 0 | AG38: =(D38+H38+L38+P38+T38+X38) -> 0 | AH38: =(E38+I38+M38+Q38++U38+Y38) -> 0 | AJ38: 31 | AK38: 31 | AL38: =AF38 -> 0 | AM38: =AL38/AA38 -> #DIV/0! | AN38: =AG38 -> 0 | AO38: =AN38/AA38 -> #DIV/0! | AP38: =AH38 -> 0 | AQ38: =AP38/AA38 -> #DIV/0!
A39: Total/jenis (kg/bulan) | C39: =SUM(C8:C38) -> 288.4 | D39: =SUM(D8:D38) -> 142.74 | E39: =SUM(E8:E38) -> 6145 | F39: =SUM(F8:F38) -> 6576.14 | G39: =SUM(G8:G38) -> 324.8 | H39: =SUM(H8:H38) -> 191.88 | I39: =SUM(I8:I38) -> 10480 | J39: =SUM(J8:J38) -> 10996.68 | ... AA39: =SUM(AA8:AA38) -> 49533.34 | AB39: kg/bulan | AD39: Total Jenis Sampah Terpilah (kg/bulan) | AF39: =SUM(AF8:AF38) -> 1557.6 | AG39: =SUM(AG8:AG38) -> 1862.9 | AH39: =SUM(AH8:AH38) -> 46117 | AJ39: Total Pengelolaan Sampah(kg/bulan) | AL39: =SUM(AL8:AL38) -> 1557.6 | AM39: - | AN39: =SUM(AN8:AN38) -> 1862.9 | AO39: - | AP39: =SUM(AP8:AP38) -> 46117 | AQ39: -
A40: Total/jenis (ton/bulan) | C40: =C39/1000 -> 0.2884 | D40: =D39/1000 -> 0.14274 | E40: =E39/1000 -> 6.145 | F40: =F39/1000 -> 6.57614 | G40: =G39/1000 -> 0.3248 | H40: =H39/1000 -> 0.19188 | I40: =I39/1000 -> 10.48 | J40: =J39/1000 -> 10.99668 | ... AA40: =AA39/1000 -> 49.53334 | AB40: ton/bulan | AD40: Total Jenis Sampah Terpilah (ton/bulan) | AF40: =AF39/1000 -> 1.5576 | AG40: =AG39/1000 -> 1.8629 | AH40: =AH39/1000 -> 46.117 | AJ40: Total Sampah terkelola (ton/bulan) | AL40: =AL39/1000 -> 1.5576 | AM40: =AL40/AA40 -> 0.031445487 | AN40: =AN39/1000 -> 1.8629 | AO40: =AN40/AA40 -> 0.037609012 | AP40: =AP39/1000 -> 46.117 | AQ40: =AP40/AA40 -> 0.93102948
A41: Rata-rata perhari (kg/hari) | C41: =_xlfn.AGGREGATE(1,7,C8:C38) -> 9.9448276 | D41: =_xlfn.AGGREGATE(1,7,D8:D38) -> 4.922069 | E41: =_xlfn.AGGREGATE(1,7,E8:E38) -> 211.89655 | F41: =AVERAGEIF(F8:F38,">0") -> 274.00583 | G41: =_xlfn.AGGREGATE(1,7,G8:G38) -> 11.2 | H41: =_xlfn.AGGREGATE(1,7,H8:H38) -> 6.6165517 | I41: =_xlfn.AGGREGATE(1,7,I8:I38) -> 349.33333 | J41: =AVERAGEIF(J8:J38,">0") -> 458.195 | K41: =_xlfn.AGGREGATE(1,7,K8:K38) -> 15.793103 | L41: =_xlfn.AGGREGATE(1,7,L8:L38) -> 5.5406897 | M41: =_xlfn.AGGREGATE(1,7,M8:M38) -> 109.09091 | N41: =AVERAGEIF(N8:N38,">0") -> 104.09241 | O41: =_xlfn.AGGREGATE(1,7,O8:O38) -> 16.772414 | P41: =_xlfn.AGGREGATE(1,7,P8:P38) -> 8.0151724 | Q41: =_xlfn.AGGREGATE(1,7,Q8:Q38) -> 632.16667 | R41: =AVERAGEIF(R8:R38,">0") -> 656.128 | S41: =_xlfn.AGGREGATE(1,7,S8:S38) -> 0 | T41: =_xlfn.AGGREGATE(1,7,T8:T38) -> 5.2 | U41: =_xlfn.AGGREGATE(1,7,U8:U38) -> 145.83333 | V41: =AVERAGEIF(V8:V38,">0") -> 146.032 | W41: =_xlfn.AGGREGATE(1,7,W8:W38) -> 0 | X41: =_xlfn.AGGREGATE(1,7,X8:X38) -> 33.8 | Y41: =_xlfn.AGGREGATE(1,7,Y8:Y38) -> 154.23333 | Z41: =AVERAGEIF(Z8:Z38,">0") -> 233.63333 | AA41: =AVERAGEIF(AA8:AA38,">0") -> 1651.1113 | AB41: rata2 perhari (kg/hari) | AD41: Rata-rata Jenis Sampah Terpilah perhari (kg/hari) | AF41: =AVERAGEIF(AF8:AF38,">0") -> 53.710345 | AG41: =AVERAGEIF(AG8:AG38,">0") -> 64.237931 | AH41: =AVERAGEIF(AH8:AH38,">0") -> 1537.2333 | AJ41: Rata-rata Sampah Terkelola perhari (kg/hari) | AL41: =AVERAGEIF(AL8:AL38,">0") -> 53.710345 | AM41: - | AN41: =AVERAGEIF(AN8:AN38,">0") -> 64.237931 | AO41: - | AP41: =AVERAGEIF(AP8:AP38,">0") -> 1537.2333 | AQ41: -
C44: Keterangan:
D45: : Data di isi sesuai kondisi riil dilapangan.
D46: : Perhitungan Otomatis
D47: : Perhitungan Otomatis
D48: : Perhitungan Otomatis
D49: : Perhitungan Otomatis
D50: : Perhitungan Otomatis

Sheet Oktober
A1: Perusahaan : | B1: ='Rekap Neraca Pengelolaan Sampah'!C3 -> PT PELINDO DAYA SEJAHTERA
A2: Tahun | B2: ='Rekap Neraca Pengelolaan Sampah'!D2 -> 2024
A3: Bulan: | B3: Oktober | C3: REKAMAN TIMBULAN SAMPAH | G3: REKAMAN TIMBULAN SAMPAH | K3: REKAMAN TIMBULAN SAMPAH | O3: REKAMAN TIMBULAN SAMPAH | S3: REKAMAN TIMBULAN SAMPAH | W3: REKAMAN TIMBULAN SAMPAH | AA3: TOTAL TIMBULAN SAMPAH DI SELURUH AREA | AB3: Satuan | AD3: REKAMAN REKAP JUMLAH SAMPAH BERDASARKAN | AJ3: REKAMAN REKAP JUMLAH PENGELOLAAN SAMPAH
A4: No | B4: Tanggal | C4: (kg/hari) | G4: (kg/hari) | K4: (kg/hari) | O4: (kg/hari) | S4: (kg/hari) | W4: (kg/hari) | AD4: JENIS SAMPAH TERPILAH | AJ4: DI SELURUH AREA
C5: Sumber sampah | G5: Sumber sampah | K5: Sumber sampah | O5: Sumber sampah | S5: Sumber sampah | W5: Sumber sampah | AD5: (kg/hari) | AJ5: Bulan : | AK5: =B3 -> Oktober | AL5: Tahun : | AM5: =B4 -> Tanggal
C6: Area Kantor | G6: Area Tempat Parkir/Taman/Jalan | K6: Area Ruang Tunggu | O6: Area Tempat Makan | S6: Sampah Kapal (Khusus Pelabuhan) | W6: Area Lain (sebutkan jika ada) | AD6: Bulan : | AE6: =B3 -> Oktober | AF6: Tahun : | AG6: =B4 -> Tanggal | AJ6: Sampah Terkelola (kg/hari)
C7: Sampah Organik Terpilah | D7: Sampah Anorganik Terpilah | E7: Sampah Lainnya dan/atau Residu | F7: Total Timbulan Sampah | G7: Sampah Organik Terpilah | H7: Sampah Anorganik Terpilah | I7: Sampah Lainnya dan/atau Residu | J7: Total Timbulan Sampah | K7: Sampah Organik Terpilah | L7: Sampah Anorganik Terpilah | M7: Sampah Lainnya dan/atau Residu | N7: Total Timbulan Sampah | O7: Sampah Organik Terpilah | P7: Sampah Anorganik Terpilah | Q7: Sampah Lainnya dan/atau Residu | R7: Total Timbulan Sampah | S7: Sampah Organik Terpilah | T7: Sampah Anorganik Terpilah | U7: Sampah Lainnya dan/atau Residu | V7: Total Timbulan Sampah | W7: Sampah Organik Terpilah | X7: Sampah Anorganik Terpilah | Y7: Sampah Lainnya dan/atau Residu | Z7: Total Timbulan Sampah | AD7: No. | AE7: Tanggal | AF7: Jumlah Sampah Organik | AG7: Jumlah Sampah Anorganik | AH7: Jumlah Sampah Residu ke TPA | AJ7: No. | AK7: Tanggal | AL7: Kompos / Pakan Ternak | AM7: Prosentase Kompos/pakan ternak | AN7: Bank Sampah / TPS3R / PDU | AO7: Prosentase Bank Sampah / TPS3R / PDU | AP7: Sampah Residu yang diangkut ke TPA | AQ7: Prosentase Sampah Residu yang diangkut ke TPA
A8: 1 | B8: 01 | C8: 0 | D8: =(((2+2)*1.3)*2)*2 -> 20.8 | E8: =[4]Oktober!E8+[3]Oktober!O6 -> 155 | F8: =SUM(C8:E8) -> 175.8 | G8: 14 | H8: =(((4+1)*1.3)*2)*2 -> 26 | I8: =[4]Oktober!I8+[3]Oktober!V6 -> 375 | J8: =SUM(G8:I8) -> 415 | K8: 14.8 | L8: 5.72 | M8: =[4]Oktober!M8 -> 100 | N8: =SUM(K8:M8) -> 120.52 | O8: 18 | P8: =(((4+1)*1.3)*2)*2 -> 26 | Q8: =[4]Oktober!Q8+[3]Oktober!AC6 -> 725 | R8: =SUM(O8:Q8) -> 769 | S8: 0 | T8: =(((2+1)*1.3)*2)*2 -> 15.6 | U8: =50+35 -> 85 | V8: =SUM(S8:U8) -> 100.6 | W8: 0 | X8: =(((13+1)*1.3)*2)*2 -> 72.8 | Y8: =[4]Oktober!Y8+[3]Oktober!AX6 -> 115 | Z8: =SUM(W8:Y8) -> 187.8 | AA8: =(F8+J8+N8+R8+V8+Z8) -> 1768.72 | AB8: kg/hari | AD8: 1 | AE8: 01 | AF8: =(C8+G8+K8+O8+S8+W8) -> 46.8 | AG8: =(D8+H8+L8+P8+T8+X8) -> 166.92 | AH8: =(E8+I8+M8+Q8++U8+Y8) -> 1555 | AJ8: 1 | AK8: 01 | AL8: =AF8 -> 46.8 | AM8: =AL8/AA8 -> 0.026459813 | AN8: =AG8 -> 166.92 | AO8: =AN8/AA8 -> 0.094373332 | AP8: =AH8 -> 1555 | AQ8: =AP8/AA8 -> 0.87916686
A9: 2 | B9: 02 | C9: 0 | D9: 10.4 | E9: =[4]Oktober!E9+[3]Oktober!O7 -> 200 | F9: =SUM(C9:E9) -> 210.4 | G9: 10.8 | H9: 21.32 | I9: =[4]Oktober!I9+[3]Oktober!V7 -> 372 | J9: =SUM(G9:I9) -> 404.12 | K9: 16.8 | L9: 6.24 | M9: =[4]Oktober!M9 -> 145 | N9: =SUM(K9:M9) -> 168.04 | O9: 15.6 | P9: 22.36 | Q9: =[4]Oktober!Q9+[3]Oktober!AC7 -> 515 | R9: =SUM(O9:Q9) -> 552.96 | S9: 0 | T9: =(((2+3)*1.3)*2)*2 -> 26 | U9: =80+40 -> 120 | V9: =SUM(S9:U9) -> 146 | W9: 0 | X9: 67.6 | Y9: =[4]Oktober!Y9+[3]Oktober!AX7 -> 150 | Z9: =SUM(W9:Y9) -> 217.6 | AA9: =(F9+J9+N9+R9+V9+Z9) -> 1699.12 | AB9: kg/hari | AD9: 2 | AE9: 02 | AF9: =(C9+G9+K9+O9+S9+W9) -> 43.2 | AG9: =(D9+H9+L9+P9+T9+X9) -> 153.92 | AH9: =(E9+I9+M9+Q9++U9+Y9) -> 1502 | AJ9: 2 | AK9: 02 | AL9: =AF9 -> 43.2 | AM9: =AL9/AA9 -> 0.025424926 | AN9: =AG9 -> 153.92 | AO9: =AN9/AA9 -> 0.090588069 | AP9: =AH9 -> 1502 | AQ9: =AP9/AA9 -> 0.88398701
A10: 3 | B10: 03 | C10: 0 | D10: =(((5.7+1)*1.3)*2)*2 -> 34.84 | E10: =[4]Oktober!E10+[3]Oktober!O8 -> 320 | F10: =SUM(C10:E10) -> 354.84 | G10: 12.4 | H10: =(((2.3+2)*1.3)*2)*2 -> 22.36 | I10: =[4]Oktober!I10+[3]Oktober!V8 -> 290 | J10: =SUM(G10:I10) -> 324.76 | K10: 18 | L10: 9.88 | M10: =[4]Oktober!M10 -> 80 | N10: =SUM(K10:M10) -> 107.88 | O10: 12.4 | P10: =(((3.2+1)*1.3)*2)*2 -> 21.84 | Q10: =[4]Oktober!Q10+[3]Oktober!AC8 -> 515 | R10: =SUM(O10:Q10) -> 549.24 | S10: 0 | T10: =(((2+1)*1.3)*2)*2 -> 15.6 | U10: =130+40 -> 170 | V10: =SUM(S10:U10) -> 185.6 | W10: 0 | X10: 67.6 | Y10: =[4]Oktober!Y10+[3]Oktober!AX8 -> 150 | Z10: =SUM(W10:Y10) -> 217.6 | AA10: =(F10+J10+N10+R10+V10+Z10) -> 1739.92 | AB10: kg/hari | AD10: 3 | AE10: 03 | AF10: =(C10+G10+K10+O10+S10+W10) -> 42.8 | AG10: =(D10+H10+L10+P10+T10+X10) -> 172.12 | AH10: =(E10+I10+M10+Q10++U10+Y10) -> 1525 | AJ10: 3 | AK10: 03 | AL10: =AF10 -> 42.8 | AM10: =AL10/AA10 -> 0.024598832 | AN10: =AG10 -> 172.12 | AO10: =AN10/AA10 -> 0.098924088 | AP10: =AH10 -> 1525 | AQ10: =AP10/AA10 -> 0.87647708
A11: 4 | B11: 04 | C11: 0 | D11: =(((3.3+1)*1.3)*2)*2 -> 22.36 | E11: =[4]Oktober!E11+[3]Oktober!O9 -> 175 | F11: =SUM(C11:E11) -> 197.36 | G11: 16.4 | H11: 29.12 | I11: =[4]Oktober!I11+[3]Oktober!V9 -> 340 | J11: =SUM(G11:I11) -> 385.52 | K11: 15.6 | L11: 10.92 | M11: =[4]Oktober!M11 -> 140 | N11: =SUM(K11:M11) -> 166.52 | O11: 16.8 | P11: 16.12 | Q11: =[4]Oktober!Q11+[3]Oktober!AC9 -> 663 | R11: =SUM(O11:Q11) -> 695.92 | S11: 0 | T11: =(((2+2)*1.3)*2)*2 -> 20.8 | U11: =25+30 -> 55 | V11: =SUM(S11:U11) -> 75.8 | W11: 0 | X11: =(((13+1)*1.3)*2)*2 -> 72.8 | Y11: =[4]Oktober!Y11+[3]Oktober!AX9 -> 136 | Z11: =SUM(W11:Y11) -> 208.8 | AA11: =(F11+J11+N11+R11+V11+Z11) -> 1729.92 | AB11: kg/hari | AD11: 4 | AE11: 04 | AF11: =(C11+G11+K11+O11+S11+W11) -> 48.8 | AG11: =(D11+H11+L11+P11+T11+X11) -> 172.12 | AH11: =(E11+I11+M11+Q11++U11+Y11) -> 1509 | AJ11: 4 | AK11: 04 | AL11: =AF11 -> 48.8 | AM11: =AL11/AA11 -> 0.028209397 | AN11: =AG11 -> 172.12 | AO11: =AN11/AA11 -> 0.09949593 | AP11: =AH11 -> 1509 | AQ11: =AP11/AA11 -> 0.87229467
A12: 5 | B12: 05 | C12: 0 | D12: 10.4 | E12: =[4]Oktober!E12+[3]Oktober!O10 -> 90 | F12: =SUM(C12:E12) -> 100.4 | G12: 0 | H12: =(((1+1)*1.3)*2)*2 -> 10.4 | I12: =[4]Oktober!I12+[3]Oktober!V10 -> 305 | J12: =SUM(G12:I12) -> 315.4 | K12: 16.4 | L12: 6.24 | M12: =[4]Oktober!M12 -> 0 | N12: =SUM(K12:M12) -> 22.64 | O12: 15.2 | P12: =(((5.1+1)*1.3)*2)*2 -> 31.72 | Q12: =[4]Oktober!Q12+[3]Oktober!AC10 -> 650 | R12: =SUM(O12:Q12) -> 696.92 | S12: 0 | T12: 10.4 | U12: =45+20 -> 65 | V12: =SUM(S12:U12) -> 75.4 | W12: 0 | X12: 67.6 | Y12: =[4]Oktober!Y12+[3]Oktober!AX10 -> 70 | Z12: =SUM(W12:Y12) -> 137.6 | AA12: =(F12+J12+N12+R12+V12+Z12) -> 1348.36 | AB12: kg/hari | AD12: 5 | AE12: 05 | AF12: =(C12+G12+K12+O12+S12+W12) -> 31.6 | AG12: =(D12+H12+L12+P12+T12+X12) -> 136.76 | AH12: =(E12+I12+M12+Q12++U12+Y12) -> 1180 | AJ12: 5 | AK12: 05 | AL12: =AF12 -> 31.6 | AM12: =AL12/AA12 -> 0.023435878 | AN12: =AG12 -> 136.76 | AO12: =AN12/AA12 -> 0.10142692 | AP12: =AH12 -> 1180 | AQ12: =AP12/AA12 -> 0.8751372
A13: 6 | B13: 06 | C13: 0 | D13: 0 | E13: =[4]Oktober!E13+[3]Oktober!O11 -> 0 | F13: =SUM(C13:E13) -> 0 | G13: 0 | H13: 0 | I13: =[4]Oktober!I13+[3]Oktober!V11 -> 0 | J13: =SUM(G13:I13) -> 0 | K13: 14.8 | L13: 14.04 | M13: =[4]Oktober!M13 -> 0 | N13: =SUM(K13:M13) -> 28.84 | O13: 20.4 | P13: 16.64 | Q13: =[4]Oktober!Q13+[3]Oktober!AC11 -> 0 | R13: =SUM(O13:Q13) -> 37.04 | S13: 0 | T13: 0 | V13: =SUM(S13:U13) -> 0 | W13: 0 | X13: 0 | Y13: =[4]Oktober!Y13+[3]Oktober!AX11 -> 0 | Z13: =SUM(W13:Y13) -> 0 | AA13: =(F13+J13+N13+R13+V13+Z13) -> 65.88 | AB13: kg/hari | AD13: 6 | AE13: 06 | AF13: =(C13+G13+K13+O13+S13+W13) -> 35.2 | AG13: =(D13+H13+L13+P13+T13+X13) -> 30.68 | AH13: =(E13+I13+M13+Q13++U13+Y13) -> 0 | AJ13: 6 | AK13: 06 | AL13: =AF13 -> 35.2 | AM13: =AL13/AA13 -> 0.5343048 | AN13: =AG13 -> 30.68 | AO13: =AN13/AA13 -> 0.4656952 | AP13: =AH13 -> 0 | AQ13: =AP13/AA13 -> 0
A14: 7 | B14: 07 | C14: 0 | D14: =(((1+1)*1.3)*2)*2 -> 10.4 | E14: =[4]Oktober!E14+[3]Oktober!O12 -> 198 | F14: =SUM(C14:E14) -> 208.4 | G14: 11.6 | H14: =(((4.6+2)*1.3)*2)*2 -> 34.32 | I14: =[4]Oktober!I14+[3]Oktober!V12 -> 615 | J14: =SUM(G14:I14) -> 660.92 | K14: 20.8 | L14: 8.84 | M14: =[4]Oktober!M14 -> 120 | N14: =SUM(K14:M14) -> 149.64 | O14: 15.6 | P14: =(((5.5+1)*1.3)*2)*2 -> 33.8 | Q14: =[4]Oktober!Q14+[3]Oktober!AC12 -> 660 | R14: =SUM(O14:Q14) -> 709.4 | S14: 0 | T14: =(((2+3)*1.3)*2)*2 -> 26 | U14: =85+40 -> 125 | V14: =SUM(S14:U14) -> 151 | W14: 0 | X14: 10.4 | Y14: =[4]Oktober!Y14+[3]Oktober!AX12 -> 165 | Z14: =SUM(W14:Y14) -> 175.4 | AA14: =(F14+J14+N14+R14+V14+Z14) -> 2054.76 | AB14: kg/hari | AD14: 7 | AE14: 07 | AF14: =(C14+G14+K14+O14+S14+W14) -> 48 | AG14: =(D14+H14+L14+P14+T14+X14) -> 123.76 | AH14: =(E14+I14+M14+Q14++U14+Y14) -> 1883 | AJ14: 7 | AK14: 07 | AL14: =AF14 -> 48 | AM14: =AL14/AA14 -> 0.023360392 | AN14: =AG14 -> 123.76 | AO14: =AN14/AA14 -> 0.060230879 | AP14: =AH14 -> 1883 | AQ14: =AP14/AA14 -> 0.91640873
A15: 8 | B15: 08 | C15: 0 | D15: 5.2 | E15: =[4]Oktober!E15+[3]Oktober!O13 -> 190 | F15: =SUM(C15:E15) -> 195.2 | G15: 13.6 | H15: 17.16 | I15: =[4]Oktober!I15+[3]Oktober!V13 -> 430 | J15: =SUM(G15:I15) -> 460.76 | K15: 19.2 | L15: 14.56 | M15: =[4]Oktober!M15 -> 70 | N15: =SUM(K15:M15) -> 103.76 | O15: 16.8 | P15: =(((3.1+1)*1.3)*2)*2 -> 21.32 | Q15: =[4]Oktober!Q15+[3]Oktober!AC13 -> 875 | R15: =SUM(O15:Q15) -> 913.12 | S15: 0 | T15: =(((2+1)*1.3)*2)*2 -> 15.6 | U15: =65+80 -> 145 | V15: =SUM(S15:U15) -> 160.6 | W15: 0 | X15: =(((3+1)*1.3)*2)*2 -> 20.8 | Y15: =[4]Oktober!Y15+[3]Oktober!AX13 -> 220 | Z15: =SUM(W15:Y15) -> 240.8 | AA15: =(F15+J15+N15+R15+V15+Z15) -> 2074.24 | AB15: kg/hari | AD15: 8 | AE15: 08 | AF15: =(C15+G15+K15+O15+S15+W15) -> 49.6 | AG15: =(D15+H15+L15+P15+T15+X15) -> 94.64 | AH15: =(E15+I15+M15+Q15++U15+Y15) -> 1930 | AJ15: 8 | AK15: 08 | AL15: =AF15 -> 49.6 | AM15: =AL15/AA15 -> 0.023912373 | AN15: =AG15 -> 94.64 | AO15: =AN15/AA15 -> 0.04562635 | AP15: =AH15 -> 1930 | AQ15: =AP15/AA15 -> 0.93046128
A16: 9 | B16: 09 | C16: 0 | D16: =(((1+1)*1.3)*2)*2 -> 10.4 | E16: =[4]Oktober!E16+[3]Oktober!O14 -> 235 | F16: =SUM(C16:E16) -> 245.4 | G16: 10.8 | H16: =(((4.2+1)*1.3)*2)*2 -> 27.04 | I16: =[4]Oktober!I16+[3]Oktober!V14 -> 425 | J16: =SUM(G16:I16) -> 462.84 | K16: 14.8 | L16: 6.24 | M16: =[4]Oktober!M16 -> 85 | N16: =SUM(K16:M16) -> 106.04 | O16: 14.8 | P16: 25.48 | Q16: =[4]Oktober!Q16+[3]Oktober!AC14 -> 875 | R16: =SUM(O16:Q16) -> 915.28 | S16: 0 | T16: =(((2+2)*1.3)*2)*2 -> 20.8 | U16: =100+50 -> 150 | V16: =SUM(S16:U16) -> 170.8 | W16: 0 | X16: 15.6 | Y16: =[4]Oktober!Y16+[3]Oktober!AX14 -> 205 | Z16: =SUM(W16:Y16) -> 220.6 | AA16: =(F16+J16+N16+R16+V16+Z16) -> 2120.96 | AB16: kg/hari | AD16: 9 | AE16: 09 | AF16: =(C16+G16+K16+O16+S16+W16) -> 40.4 | AG16: =(D16+H16+L16+P16+T16+X16) -> 105.56 | AH16: =(E16+I16+M16+Q16++U16+Y16) -> 1975 | AJ16: 9 | AK16: 09 | AL16: =AF16 -> 40.4 | AM16: =AL16/AA16 -> 0.019047978 | AN16: =AG16 -> 105.56 | AO16: =AN16/AA16 -> 0.049769916 | AP16: =AH16 -> 1975 | AQ16: =AP16/AA16 -> 0.93118211
A17: 10 | B17: 10 | C17: 0 | D17: 5.2 | E17: =[4]Oktober!E17+[3]Oktober!O15 -> 395 | F17: =SUM(C17:E17) -> 400.2 | G17: 10 | H17: =(((3.5+1)*1.3)*2)*2 -> 23.4 | I17: =[4]Oktober!I17+[3]Oktober!V15 -> 605 | J17: =SUM(G17:I17) -> 638.4 | K17: 16.4 | L17: 13 | M17: =[4]Oktober!M17 -> 190 | N17: =SUM(K17:M17) -> 219.4 | O17: 14 | P17: =(((4.6+2)*1.3)*2)*2 -> 34.32 | Q17: =[4]Oktober!Q17+[3]Oktober!AC15 -> 985 | R17: =SUM(O17:Q17) -> 1033.32 | S17: 0 | T17: =(((2+1)*1.3)*2)*2 -> 15.6 | U17: =125+100 -> 225 | V17: =SUM(S17:U17) -> 240.6 | W17: 0 | X17: =(((1+1)*1.3)*2)*2 -> 10.4 | Y17: =[4]Oktober!Y17+[3]Oktober!AX15 -> 250 | Z17: =SUM(W17:Y17) -> 260.4 | AA17: =(F17+J17+N17+R17+V17+Z17) -> 2792.32 | AB17: kg/hari | AD17: 10 | AE17: 10 | AF17: =(C17+G17+K17+O17+S17+W17) -> 40.4 | AG17: =(D17+H17+L17+P17+T17+X17) -> 101.92 | AH17: =(E17+I17+M17+Q17++U17+Y17) -> 2650 | AJ17: 10 | AK17: 10 | AL17: =AF17 -> 40.4 | AM17: =AL17/AA17 -> 0.014468256 | AN17: =AG17 -> 101.92 | AO17: =AN17/AA17 -> 0.036500115 | AP17: =AH17 -> 2650 | AQ17: =AP17/AA17 -> 0.94903163
A18: 11 | B18: 11 | C18: 0 | D18: =(((1+1)*1.3)*2)*2 -> 10.4 | E18: =[4]Oktober!E18+[3]Oktober!O16 -> 210 | F18: =SUM(C18:E18) -> 220.4 | G18: 12.8 | H18: =(((4.5+1)*1.3)*2)*2 -> 28.6 | I18: =[4]Oktober!I18+[3]Oktober!V16 -> 640 | J18: =SUM(G18:I18) -> 681.4 | K18: 15.2 | L18: 4.16 | M18: =[4]Oktober!M18 -> 95 | N18: =SUM(K18:M18) -> 114.36 | O18: 12.4 | P18: 20.28 | Q18: =[4]Oktober!Q18+[3]Oktober!AC16 -> 1188 | R18: =SUM(O18:Q18) -> 1220.68 | S18: 0 | T18: 10.4 | U18: =110+30 -> 140 | V18: =SUM(S18:U18) -> 150.4 | W18: 0 | X18: 5.2 | Y18: =[4]Oktober!Y18+[3]Oktober!AX16 -> 152 | Z18: =SUM(W18:Y18) -> 157.2 | AA18: =(F18+J18+N18+R18+V18+Z18) -> 2544.44 | AB18: kg/hari | AD18: 11 | AE18: 11 | AF18: =(C18+G18+K18+O18+S18+W18) -> 40.4 | AG18: =(D18+H18+L18+P18+T18+X18) -> 79.04 | AH18: =(E18+I18+M18+Q18++U18+Y18) -> 2425 | AJ18: 11 | AK18: 11 | AL18: =AF18 -> 40.4 | AM18: =AL18/AA18 -> 0.015877757 | AN18: =AG18 -> 79.04 | AO18: =AN18/AA18 -> 0.03106381 | AP18: =AH18 -> 2425 | AQ18: =AP18/AA18 -> 0.95305843
A19: 12 | B19: 12 | C19: 0 | D19: 0 | E19: =[4]Oktober!E19+[3]Oktober!O17 -> 265 | F19: =SUM(C19:E19) -> 265 | G19: 0 | H19: 5.2 | I19: =[4]Oktober!I19+[3]Oktober!V17 -> 210 | J19: =SUM(G19:I19) -> 215.2 | K19: 13.6 | L19: 7.28 | M19: =[4]Oktober!M19 -> 95 | N19: =SUM(K19:M19) -> 115.88 | O19: 11.6 | P19: =(((1.8+1)*1.3)*2)*2 -> 14.56 | Q19: =[4]Oktober!Q19+[3]Oktober!AC17 -> 245 | R19: =SUM(O19:Q19) -> 271.16 | S19: 0 | T19: 0 | U19: 145 | V19: =SUM(S19:U19) -> 145 | W19: 0 | X19: 5.2 | Y19: =[4]Oktober!Y19+[3]Oktober!AX17 -> 220 | Z19: =SUM(W19:Y19) -> 225.2 | AA19: =(F19+J19+N19+R19+V19+Z19) -> 1237.44 | AB19: kg/hari | AD19: 12 | AE19: 12 | AF19: =(C19+G19+K19+O19+S19+W19) -> 25.2 | AG19: =(D19+H19+L19+P19+T19+X19) -> 32.24 | AH19: =(E19+I19+M19+Q19++U19+Y19) -> 1180 | AJ19: 12 | AK19: 12 | AL19: =AF19 -> 25.2 | AM19: =AL19/AA19 -> 0.020364624 | AN19: =AG19 -> 32.24 | AO19: =AN19/AA19 -> 0.026053788 | AP19: =AH19 -> 1180 | AQ19: =AP19/AA19 -> 0.95358159
A20: 13 | B20: 13 | C20: 0 | D20: 0 | E20: =[4]Oktober!E20+[3]Oktober!O18 -> 20 | F20: =SUM(C20:E20) -> 20 | G20: 0 | H20: 0 | I20: =[4]Oktober!I20+[3]Oktober!V18 -> 100 | J20: =SUM(G20:I20) -> 100 | K20: 11.6 | L20: 6.24 | M20: =[4]Oktober!M20 -> 0 | N20: =SUM(K20:M20) -> 17.84 | O20: 16.4 | P20: =(((1.5+1)*1.3)*2)*2 -> 13 | Q20: =[4]Oktober!Q20+[3]Oktober!AC18 -> 220 | R20: =SUM(O20:Q20) -> 249.4 | S20: 0 | T20: 5.2 | U20: 20 | V20: =SUM(S20:U20) -> 25.2 | W20: 0 | X20: 0 | Y20: =[4]Oktober!Y20+[3]Oktober!AX18 -> 0 | Z20: =SUM(W20:Y20) -> 0 | AA20: =(F20+J20+N20+R20+V20+Z20) -> 412.44 | AB20: kg/hari | AD20: 13 | AE20: 13 | AF20: =(C20+G20+K20+O20+S20+W20) -> 28 | AG20: =(D20+H20+L20+P20+T20+X20) -> 24.44 | AH20: =(E20+I20+M20+Q20++U20+Y20) -> 360 | AJ20: 13 | AK20: 13 | AL20: =AF20 -> 28 | AM20: =AL20/AA20 -> 0.067888663 | AN20: =AG20 -> 24.44 | AO20: =AN20/AA20 -> 0.059257104 | AP20: =AH20 -> 360 | AQ20: =AP20/AA20 -> 0.87285423
A21: 14 | B21: 14 | C21: 0 | D21: 5.2 | E21: =[4]Oktober!E21+[3]Oktober!O19 -> 267 | F21: =SUM(C21:E21) -> 272.2 | G21: 16.8 | H21: =(((5.5+1)*1.3)*2)*2 -> 33.8 | I21: =[4]Oktober!I21+[3]Oktober!V19 -> 555 | J21: =SUM(G21:I21) -> 605.6 | K21: 11.6 | L21: 19.76 | M21: =[4]Oktober!M21 -> 85 | N21: =SUM(K21:M21) -> 116.36 | O21: 15.2 | P21: 31.72 | Q21: =[4]Oktober!Q21+[3]Oktober!AC19 -> 1060 | R21: =SUM(O21:Q21) -> 1106.92 | S21: 0 | T21: 5.2 | U21: =118+70 -> 188 | V21: =SUM(S21:U21) -> 193.2 | W21: 0 | X21: 5.2 | Y21: =[4]Oktober!Y21+[3]Oktober!AX19 -> 175 | Z21: =SUM(W21:Y21) -> 180.2 | AA21: =(F21+J21+N21+R21+V21+Z21) -> 2474.48 | AB21: kg/hari | AD21: 14 | AE21: 14 | AF21: =(C21+G21+K21+O21+S21+W21) -> 43.6 | AG21: =(D21+H21+L21+P21+T21+X21) -> 100.88 | AH21: =(E21+I21+M21+Q21++U21+Y21) -> 2330 | AJ21: 14 | AK21: 14 | AL21: =AF21 -> 43.6 | AM21: =AL21/AA21 -> 0.017619864 | AN21: =AG21 -> 100.88 | AO21: =AN21/AA21 -> 0.040768161 | AP21: =AH21 -> 2330 | AQ21: =AP21/AA21 -> 0.94161198
A22: 15 | B22: 15 | C22: 0 | D22: 8.32 | E22: =[4]Oktober!E22+[3]Oktober!O20 -> 160 | F22: =SUM(C22:E22) -> 168.32 | G22: 10.8 | H22: 17.16 | I22: =[4]Oktober!I22+[3]Oktober!V20 -> 470 | J22: =SUM(G22:I22) -> 497.96 | K22: 14 | L22: 7.8 | M22: =[4]Oktober!M22 -> 120 | N22: =SUM(K22:M22) -> 141.8 | O22: 14.8 | P22: =(((1.7+1)*1.3)*2)*2 -> 14.04 | Q22: =[4]Oktober!Q22+[3]Oktober!AC20 -> 398 | R22: =SUM(O22:Q22) -> 426.84 | S22: 0 | T22: 10.4 | U22: =20+10 -> 30 | V22: =SUM(S22:U22) -> 40.4 | W22: 0 | X22: 0 | Y22: =[4]Oktober!Y22+[3]Oktober!AX20 -> 185 | Z22: =SUM(W22:Y22) -> 185 | AA22: =(F22+J22+N22+R22+V22+Z22) -> 1460.32 | AB22: kg/hari | AD22: 15 | AE22: 15 | AF22: =(C22+G22+K22+O22+S22+W22) -> 39.6 | AG22: =(D22+H22+L22+P22+T22+X22) -> 57.72 | AH22: =(E22+I22+M22+Q22++U22+Y22) -> 1363 | AJ22: 15 | AK22: 15 | AL22: =AF22 -> 39.6 | AM22: =AL22/AA22 -> 0.027117344 | AN22: =AG22 -> 57.72 | AO22: =AN22/AA22 -> 0.039525583 | AP22: =AH22 -> 1363 | AQ22: =AP22/AA22 -> 0.93335707
A23: 16 | B23: 16 | C23: 0 | D23: =(((1.6+1)*1.3)*2)*2 -> 13.52 | E23: =[4]Oktober!E23+[3]Oktober!O21 -> 207 | F23: =SUM(C23:E23) -> 220.52 | G23: 10 | H23: =(((1.1+2)*1.3)*2)*2 -> 16.12 | I23: =[4]Oktober!I23+[3]Oktober!V21 -> 720 | J23: =SUM(G23:I23) -> 746.12 | K23: 16.4 | L23: 15.6 | M23: =[4]Oktober!M23 -> 65 | N23: =SUM(K23:M23) -> 97 | O23: 16.8 | P23: =(((3.6+1)*1.3)*2)*2 -> 23.92 | Q23: =[4]Oktober!Q23+[3]Oktober!AC21 -> 1015 | R23: =SUM(O23:Q23) -> 1055.72 | S23: 0 | T23: 5.2 | U23: 35 | V23: =SUM(S23:U23) -> 40.2 | W23: 0 | X23: 0 | Y23: =[4]Oktober!Y23+[3]Oktober!AX21 -> 70 | Z23: =SUM(W23:Y23) -> 70 | AA23: =(F23+J23+N23+R23+V23+Z23) -> 2229.56 | AB23: kg/hari | AD23: 16 | AE23: 16 | AF23: =(C23+G23+K23+O23+S23+W23) -> 43.2 | AG23: =(D23+H23+L23+P23+T23+X23) -> 74.36 | AH23: =(E23+I23+M23+Q23++U23+Y23) -> 2112 | AJ23: 16 | AK23: 16 | AL23: =AF23 -> 43.2 | AM23: =AL23/AA23 -> 0.01937602 | AN23: =AG23 -> 74.36 | AO23: =AN23/AA23 -> 0.033351872 | AP23: =AH23 -> 2112 | AQ23: =AP23/AA23 -> 0.94727211
A24: 17 | B24: 17 | C24: 0 | D24: 0 | E24: =[4]Oktober!E24+[3]Oktober!O22 -> 135 | F24: =SUM(C24:E24) -> 135 | G24: 13.2 | H24: 14.04 | I24: =[4]Oktober!I24+[3]Oktober!V22 -> 620 | J24: =SUM(G24:I24) -> 647.24 | K24: 14.8 | L24: 10.92 | M24: =[4]Oktober!M24 -> 100 | N24: =SUM(K24:M24) -> 125.72 | O24: 15.6 | P24: 15.08 | Q24: =[4]Oktober!Q24+[3]Oktober!AC22 -> 875 | R24: =SUM(O24:Q24) -> 905.68 | S24: 0 | T24: 15.6 | U24: 50 | V24: =SUM(S24:U24) -> 65.6 | W24: 0 | X24: 5.2 | Y24: =[4]Oktober!Y24+[3]Oktober!AX22 -> 100 | Z24: =SUM(W24:Y24) -> 105.2 | AA24: =(F24+J24+N24+R24+V24+Z24) -> 1984.44 | AB24: kg/hari | AD24: 17 | AE24: 17 | AF24: =(C24+G24+K24+O24+S24+W24) -> 43.6 | AG24: =(D24+H24+L24+P24+T24+X24) -> 60.84 | AH24: =(E24+I24+M24+Q24++U24+Y24) -> 1880 | AJ24: 17 | AK24: 17 | AL24: =AF24 -> 43.6 | AM24: =AL24/AA24 -> 0.021970934 | AN24: =AG24 -> 60.84 | AO24: =AN24/AA24 -> 0.030658523 | AP24: =AH24 -> 1880 | AQ24: =AP24/AA24 -> 0.94737054
A25: 18 | B25: 18 | C25: 0 | D25: =(((2.1+1)*1.3)*2)*2 -> 16.12 | E25: =[4]Oktober!E25+[3]Oktober!O23 -> 175 | F25: =SUM(C25:E25) -> 191.12 | G25: 11.6 | H25: =(((3.6+1)*1.3)*2)*2 -> 23.92 | I25: =[4]Oktober!I25+[3]Oktober!V23 -> 405 | J25: =SUM(G25:I25) -> 440.52 | K25: 10.8 | L25: 4.68 | M25: =[4]Oktober!M25 -> 75 | N25: =SUM(K25:M25) -> 90.48 | O25: 21.2 | P25: =(((0.9+1)*1.3)*2)*2 -> 9.88 | Q25: =[4]Oktober!Q25+[3]Oktober!AC23 -> 790 | R25: =SUM(O25:Q25) -> 821.08 | S25: 0 | T25: 10.4 | U25: =70+10 -> 80 | V25: =SUM(S25:U25) -> 90.4 | W25: 0 | X25: 0 | Y25: =[4]Oktober!Y25+[3]Oktober!AX23 -> 160 | Z25: =SUM(W25:Y25) -> 160 | AA25: =(F25+J25+N25+R25+V25+Z25) -> 1793.6 | AB25: kg/hari | AD25: 18 | AE25: 18 | AF25: =(C25+G25+K25+O25+S25+W25) -> 43.6 | AG25: =(D25+H25+L25+P25+T25+X25) -> 65 | AH25: =(E25+I25+M25+Q25++U25+Y25) -> 1685 | AJ25: 18 | AK25: 18 | AL25: =AF25 -> 43.6 | AM25: =AL25/AA25 -> 0.024308653 | AN25: =AG25 -> 65 | AO25: =AN25/AA25 -> 0.036239964 | AP25: =AH25 -> 1685 | AQ25: =AP25/AA25 -> 0.93945138
A26: 19 | B26: 19 | C26: 0 | D26: 0 | E26: =[4]Oktober!E26+[3]Oktober!O24 -> 50 | F26: =SUM(C26:E26) -> 50 | G26: 0 | H26: 0 | I26: =[4]Oktober!I26+[3]Oktober!V24 -> 50 | J26: =SUM(G26:I26) -> 50 | K26: 12.4 | L26: 10.92 | M26: =[4]Oktober!M26 -> 0 | N26: =SUM(K26:M26) -> 23.32 | O26: 18.8 | P26: 19.24 | Q26: =[4]Oktober!Q26+[3]Oktober!AC24 -> 100 | R26: =SUM(O26:Q26) -> 138.04 | S26: 0 | T26: 0 | U26: 50 | V26: =SUM(S26:U26) -> 50 | W26: 0 | X26: 0 | Y26: =[4]Oktober!Y26+[3]Oktober!AX24 -> 70 | Z26: =SUM(W26:Y26) -> 70 | AA26: =(F26+J26+N26+R26+V26+Z26) -> 381.36 | AB26: kg/hari | AD26: 19 | AE26: 19 | AF26: =(C26+G26+K26+O26+S26+W26) -> 31.2 | AG26: =(D26+H26+L26+P26+T26+X26) -> 30.16 | AH26: =(E26+I26+M26+Q26++U26+Y26) -> 320 | AJ26: 19 | AK26: 19 | AL26: =AF26 -> 31.2 | AM26: =AL26/AA26 -> 0.081812461 | AN26: =AG26 -> 30.16 | AO26: =AN26/AA26 -> 0.079085379 | AP26: =AH26 -> 320 | AQ26: =AP26/AA26 -> 0.83910216
A27: 20 | B27: 20 | C27: 0 | D27: 0 | E27: =[4]Oktober!E27+[3]Oktober!O25 -> 0 | F27: =SUM(C27:E27) -> 0 | G27: 0 | H27: 0 | I27: =[4]Oktober!I27+[3]Oktober!V25 -> 0 | J27: =SUM(G27:I27) -> 0 | K27: 11.2 | L27: 10.92 | M27: =[4]Oktober!M27 -> 0 | N27: =SUM(K27:M27) -> 22.12 | O27: 12.8 | P27: =(((2.5+2)*1.3)*2)*2 -> 23.4 | Q27: =[4]Oktober!Q27+[3]Oktober!AC25 -> 0 | R27: =SUM(O27:Q27) -> 36.2 | S27: 0 | T27: 0 | V27: =SUM(S27:U27) -> 0 | W27: 0 | X27: 0 | Y27: =[4]Oktober!Y27+[3]Oktober!AX25 -> 0 | Z27: =SUM(W27:Y27) -> 0 | AA27: =(F27+J27+N27+R27+V27+Z27) -> 58.32 | AB27: kg/hari | AD27: 20 | AE27: 20 | AF27: =(C27+G27+K27+O27+S27+W27) -> 24 | AG27: =(D27+H27+L27+P27+T27+X27) -> 34.32 | AH27: =(E27+I27+M27+Q27++U27+Y27) -> 0 | AJ27: 20 | AK27: 20 | AL27: =AF27 -> 24 | AM27: =AL27/AA27 -> 0.41152263 | AN27: =AG27 -> 34.32 | AO27: =AN27/AA27 -> 0.58847737 | AP27: =AH27 -> 0 | AQ27: =AP27/AA27 -> 0
A28: 21 | B28: 21 | C28: 0 | D28: =(((1.4+1)*1.3)*2)*2 -> 12.48 | E28: =[4]Oktober!E28+[3]Oktober!O26 -> 210 | F28: =SUM(C28:E28) -> 222.48 | G28: 17.2 | H28: =(((4.6+1)*1.3)*2)*2 -> 29.12 | I28: =[4]Oktober!I28+[3]Oktober!V26 -> 300 | J28: =SUM(G28:I28) -> 346.32 | K28: 12.8 | L28: 20.28 | M28: =[4]Oktober!M28 -> 85 | N28: =SUM(K28:M28) -> 118.08 | O28: 14.8 | P28: 22.88 | Q28: =[4]Oktober!Q28+[3]Oktober!AC26 -> 620 | R28: =SUM(O28:Q28) -> 657.68 | S28: 0 | T28: 10.4 | U28: =55+20 -> 75 | V28: =SUM(S28:U28) -> 85.4 | W28: 0 | X28: 5.2 | Y28: =[4]Oktober!Y28+[3]Oktober!AX26 -> 120 | Z28: =SUM(W28:Y28) -> 125.2 | AA28: =(F28+J28+N28+R28+V28+Z28) -> 1555.16 | AB28: kg/hari | AD28: 21 | AE28: 21 | AF28: =(C28+G28+K28+O28+S28+W28) -> 44.8 | AG28: =(D28+H28+L28+P28+T28+X28) -> 100.36 | AH28: =(E28+I28+M28+Q28++U28+Y28) -> 1410 | AJ28: 21 | AK28: 21 | AL28: =AF28 -> 44.8 | AM28: =AL28/AA28 -> 0.028807325 | AN28: =AG28 -> 100.36 | AO28: =AN28/AA28 -> 0.064533553 | AP28: =AH28 -> 1410 | AQ28: =AP28/AA28 -> 0.90665912
A29: 22 | B29: 22 | C29: 0 | D29: 0 | E29: =[4]Oktober!E29+[3]Oktober!O27 -> 247 | F29: =SUM(C29:E29) -> 247 | G29: 14.8 | H29: 5.72 | I29: =[4]Oktober!I29+[3]Oktober!V27 -> 380 | J29: =SUM(G29:I29) -> 400.52 | K29: 14.8 | L29: 14.56 | M29: =[4]Oktober!M29 -> 95 | N29: =SUM(K29:M29) -> 124.36 | O29: 16.4 | P29: =(((2.4+1)*1.3)*2)*2 -> 17.68 | Q29: =[4]Oktober!Q29+[3]Oktober!AC27 -> 895 | R29: =SUM(O29:Q29) -> 929.08 | S29: 0 | T29: 5.2 | U29: =100+45 -> 145 | V29: =SUM(S29:U29) -> 150.2 | W29: 0 | X29: 0 | Y29: =[4]Oktober!Y29+[3]Oktober!AX27 -> 200 | Z29: =SUM(W29:Y29) -> 200 | AA29: =(F29+J29+N29+R29+V29+Z29) -> 2051.16 | AB29: kg/hari | AD29: 22 | AE29: 22 | AF29: =(C29+G29+K29+O29+S29+W29) -> 46 | AG29: =(D29+H29+L29+P29+T29+X29) -> 43.16 | AH29: =(E29+I29+M29+Q29++U29+Y29) -> 1962 | AJ29: 22 | AK29: 22 | AL29: =AF29 -> 46 | AM29: =AL29/AA29 -> 0.022426334 | AN29: =AG29 -> 43.16 | AO29: =AN29/AA29 -> 0.021041752 | AP29: =AH29 -> 1962 | AQ29: =AP29/AA29 -> 0.95653191
A30: 23 | B30: 23 | C30: 0 | D30: =(((2.6+1)*1.3)*2)*2 -> 18.72 | E30: =[4]Oktober!E30+[3]Oktober!O28 -> 173 | F30: =SUM(C30:E30) -> 191.72 | G30: 11.2 | H30: =(((5.2+1)*1.3)*2)*2 -> 32.24 | I30: =[4]Oktober!I30+[3]Oktober!V28 -> 275 | J30: =SUM(G30:I30) -> 318.44 | K30: 16.4 | L30: 8.84 | M30: =[4]Oktober!M30 -> 100 | N30: =SUM(K30:M30) -> 125.24 | O30: 15.6 | P30: 14.04 | Q30: =[4]Oktober!Q30+[3]Oktober!AC28 -> 577 | R30: =SUM(O30:Q30) -> 606.64 | S30: 0 | T30: 10.4 | U30: =60+25 -> 85 | V30: =SUM(S30:U30) -> 95.4 | W30: 0 | X30: 5.2 | Y30: =[4]Oktober!Y30+[3]Oktober!AX28 -> 200 | Z30: =SUM(W30:Y30) -> 205.2 | AA30: =(F30+J30+N30+R30+V30+Z30) -> 1542.64 | AB30: kg/hari | AD30: 23 | AE30: 23 | AF30: =(C30+G30+K30+O30+S30+W30) -> 43.2 | AG30: =(D30+H30+L30+P30+T30+X30) -> 89.44 | AH30: =(E30+I30+M30+Q30++U30+Y30) -> 1410 | AJ30: 23 | AK30: 23 | AL30: =AF30 -> 43.2 | AM30: =AL30/AA30 -> 0.028003941 | AN30: =AG30 -> 89.44 | AO30: =AN30/AA30 -> 0.05797853 | AP30: =AH30 -> 1410 | AQ30: =AP30/AA30 -> 0.91401753
A31: 24 | B31: 24 | C31: 0 | D31: 0 | E31: =[4]Oktober!E31+[3]Oktober!O29 -> 265 | F31: =SUM(C31:E31) -> 265 | G31: 10 | H31: 10.92 | I31: =[4]Oktober!I31+[3]Oktober!V29 -> 485 | J31: =SUM(G31:I31) -> 505.92 | K31: 16.8 | L31: 8.32 | M31: =[4]Oktober!M31 -> 95 | N31: =SUM(K31:M31) -> 120.12 | O31: 14.8 | P31: =(((1.8+1)*1.3)*2)*2 -> 14.56 | Q31: =[4]Oktober!Q31+[3]Oktober!AC29 -> 1095 | R31: =SUM(O31:Q31) -> 1124.36 | S31: 0 | T31: 10.4 | U31: =55+80 -> 135 | V31: =SUM(S31:U31) -> 145.4 | W31: 0 | X31: 0 | Y31: =[4]Oktober!Y31+[3]Oktober!AX29 -> 200 | Z31: =SUM(W31:Y31) -> 200 | AA31: =(F31+J31+N31+R31+V31+Z31) -> 2360.8 | AB31: kg/hari | AD31: 24 | AE31: 24 | AF31: =(C31+G31+K31+O31+S31+W31) -> 41.6 | AG31: =(D31+H31+L31+P31+T31+X31) -> 44.2 | AH31: =(E31+I31+M31+Q31++U31+Y31) -> 2275 | AJ31: 24 | AK31: 24 | AL31: =AF31 -> 41.6 | AM31: =AL31/AA31 -> 0.017621145 | AN31: =AG31 -> 44.2 | AO31: =AN31/AA31 -> 0.018722467 | AP31: =AH31 -> 2275 | AQ31: =AP31/AA31 -> 0.96365639
A32: 25 | B32: 25 | C32: 0 | D32: 5.2 | E32: =[4]Oktober!E32+[3]Oktober!O30 -> 270 | F32: =SUM(C32:E32) -> 275.2 | G32: 13.6 | H32: 5.2 | I32: =[4]Oktober!I32+[3]Oktober!V30 -> 600 | J32: =SUM(G32:I32) -> 618.8 | K32: 14.8 | L32: 19.76 | M32: =[4]Oktober!M32 -> 150 | N32: =SUM(K32:M32) -> 184.56 | O32: 12.4 | P32: 34.84 | Q32: =[4]Oktober!Q32+[3]Oktober!AC30 -> 927 | R32: =SUM(O32:Q32) -> 974.24 | S32: 0 | T32: 10.4 | U32: =70+100 -> 170 | V32: =SUM(S32:U32) -> 180.4 | W32: 0 | X32: 5.2 | Y32: =[4]Oktober!Y32+[3]Oktober!AX30 -> 200 | Z32: =SUM(W32:Y32) -> 205.2 | AA32: =(F32+J32+N32+R32+V32+Z32) -> 2438.4 | AB32: kg/hari | AD32: 25 | AE32: 25 | AF32: =(C32+G32+K32+O32+S32+W32) -> 40.8 | AG32: =(D32+H32+L32+P32+T32+X32) -> 80.6 | AH32: =(E32+I32+M32+Q32++U32+Y32) -> 2317 | AJ32: 25 | AK32: 25 | AL32: =AF32 -> 40.8 | AM32: =AL32/AA32 -> 0.016732283 | AN32: =AG32 -> 80.6 | AO32: =AN32/AA32 -> 0.033054462 | AP32: =AH32 -> 2317 | AQ32: =AP32/AA32 -> 0.95021325
A33: 26 | B33: 26 | C33: 0 | D33: 0 | E33: =[4]Oktober!E33+[3]Oktober!O31 -> 0 | F33: =SUM(C33:E33) -> 0 | G33: 0 | H33: 0 | I33: =[4]Oktober!I33+[3]Oktober!V31 -> 0 | J33: =SUM(G33:I33) -> 0 | K33: 12.4 | L33: 10.92 | M33: =[4]Oktober!M33 -> 0 | N33: =SUM(K33:M33) -> 23.32 | O33: 16.8 | P33: =(((1+1)*1.3)*2)*2 -> 10.4 | Q33: =[4]Oktober!Q33+[3]Oktober!AC31 -> 0 | R33: =SUM(O33:Q33) -> 27.2 | S33: 0 | T33: 5.2 | V33: =SUM(S33:U33) -> 5.2 | W33: 0 | X33: 0 | Y33: =[4]Oktober!Y33+[3]Oktober!AX31 -> 0 | Z33: =SUM(W33:Y33) -> 0 | AA33: =(F33+J33+N33+R33+V33+Z33) -> 55.72 | AB33: kg/hari | AD33: 26 | AE33: 26 | AF33: =(C33+G33+K33+O33+S33+W33) -> 29.2 | AG33: =(D33+H33+L33+P33+T33+X33) -> 26.52 | AH33: =(E33+I33+M33+Q33++U33+Y33) -> 0 | AJ33: 26 | AK33: 26 | AL33: =AF33 -> 29.2 | AM33: =AL33/AA33 -> 0.52404882 | AN33: =AG33 -> 26.52 | AO33: =AN33/AA33 -> 0.47595118 | AP33: =AH33 -> 0 | AQ33: =AP33/AA33 -> 0
A34: 27 | B34: 27 | C34: 0 | D34: 0 | E34: =[4]Oktober!E34+[3]Oktober!O32 -> 0 | F34: =SUM(C34:E34) -> 0 | G34: 0 | H34: 5.2 | I34: =[4]Oktober!I34+[3]Oktober!V32 -> 0 | J34: =SUM(G34:I34) -> 5.2 | K34: 11.6 | L34: 17.16 | M34: =[4]Oktober!M34 -> 0 | N34: =SUM(K34:M34) -> 28.76 | O34: 15.6 | P34: 24.44 | Q34: =[4]Oktober!Q34+[3]Oktober!AC32 -> 0 | R34: =SUM(O34:Q34) -> 40.04 | S34: 0 | T34: 10.4 | V34: =SUM(S34:U34) -> 10.4 | W34: 0 | X34: 5.2 | Y34: =[4]Oktober!Y34+[3]Oktober!AX32 -> 0 | Z34: =SUM(W34:Y34) -> 5.2 | AA34: =(F34+J34+N34+R34+V34+Z34) -> 89.6 | AB34: kg/hari | AD34: 27 | AE34: 27 | AF34: =(C34+G34+K34+O34+S34+W34) -> 27.2 | AG34: =(D34+H34+L34+P34+T34+X34) -> 62.4 | AH34: =(E34+I34+M34+Q34++U34+Y34) -> 0 | AJ34: 27 | AK34: 27 | AL34: =AF34 -> 27.2 | AM34: =AL34/AA34 -> 0.30357143 | AN34: =AG34 -> 62.4 | AO34: =AN34/AA34 -> 0.69642857 | AP34: =AH34 -> 0 | AQ34: =AP34/AA34 -> 0
A35: 28 | B35: 28 | C35: 0 | D35: =(((5.1+1)*1.3)*2)*2 -> 31.72 | E35: =[4]Oktober!E35+[3]Oktober!O33 -> 285 | F35: =SUM(C35:E35) -> 316.72 | G35: 11.6 | H35: =(((3.6+1)*1.3)*2)*2 -> 23.92 | I35: =[4]Oktober!I35+[3]Oktober!V33 -> 840 | J35: =SUM(G35:I35) -> 875.52 | K35: 12.4 | L35: 20.28 | M35: =[4]Oktober!M35 -> 55 | N35: =SUM(K35:M35) -> 87.68 | O35: 18 | P35: =(((5.8+1)*1.3)*2)*2 -> 35.36 | Q35: =[4]Oktober!Q35+[3]Oktober!AC33 -> 950 | R35: =SUM(O35:Q35) -> 1003.36 | S35: 0 | T35: 10.4 | U35: =120+70 -> 190 | V35: =SUM(S35:U35) -> 200.4 | W35: 0 | X35: 5.2 | Y35: =[4]Oktober!Y35+[3]Oktober!AX33 -> 185 | Z35: =SUM(W35:Y35) -> 190.2 | AA35: =(F35+J35+N35+R35+V35+Z35) -> 2673.88 | AB35: kg/hari | AD35: 28 | AE35: 28 | AF35: =(C35+G35+K35+O35+S35+W35) -> 42 | AG35: =(D35+H35+L35+P35+T35+X35) -> 126.88 | AH35: =(E35+I35+M35+Q35++U35+Y35) -> 2505 | AJ35: 28 | AK35: 28 | AL35: =AF35 -> 42 | AM35: =AL35/AA35 -> 0.015707511 | AN35: =AG35 -> 126.88 | AO35: =AN35/AA35 -> 0.047451643 | AP35: =AH35 -> 2505 | AQ35: =AP35/AA35 -> 0.93684085
A36: 29 | B36: 29 | C36: 0 | D36: 0 | E36: =[4]Oktober!E36+[3]Oktober!O34 -> 205 | F36: =SUM(C36:E36) -> 205 | G36: 12.4 | H36: 10.4 | I36: =[4]Oktober!I36+[3]Oktober!V34 -> 275 | J36: =SUM(G36:I36) -> 297.8 | K36: 16.8 | L36: 4.16 | M36: =[4]Oktober!M36 -> 100 | N36: =SUM(K36:M36) -> 120.96 | O36: 14.8 | P36: 24.44 | Q36: =[4]Oktober!Q36+[3]Oktober!AC34 -> 585 | R36: =SUM(O36:Q36) -> 624.24 | S36: 0 | T36: 0 | U36: =95+20 -> 115 | V36: =SUM(S36:U36) -> 115 | W36: 0 | Y36: =[4]Oktober!Y36+[3]Oktober!AX34 -> 120 | Z36: =SUM(W36:Y36) -> 120 | AA36: =(F36+J36+N36+R36+V36+Z36) -> 1483 | AB36: kg/hari | AD36: 29 | AE36: 29 | AF36: =(C36+G36+K36+O36+S36+W36) -> 44 | AG36: =(D36+H36+L36+P36+T36+X36) -> 39 | AH36: =(E36+I36+M36+Q36++U36+Y36) -> 1400 | AJ36: 29 | AK36: 29 | AL36: =AF36 -> 44 | AM36: =AL36/AA36 -> 0.029669589 | AN36: =AG36 -> 39 | AO36: =AN36/AA36 -> 0.026298045 | AP36: =AH36 -> 1400 | AQ36: =AP36/AA36 -> 0.94403237
A37: 30 | B37: 30 | C37: 0 | D37: 0 | E37: =[4]Oktober!E37+[3]Oktober!O35 -> 235 | F37: =SUM(C37:E37) -> 235 | G37: 13.6 | H37: 26.52 | I37: =[4]Oktober!I37+[3]Oktober!V35 -> 275 | J37: =SUM(G37:I37) -> 315.12 | K37: 20.4 | L37: 5.72 | M37: =[4]Oktober!M37 -> 100 | N37: =SUM(K37:M37) -> 126.12 | O37: 11.6 | P37: 10.92 | Q37: =[4]Oktober!Q37+[3]Oktober!AC35 -> 705 | R37: =SUM(O37:Q37) -> 727.52 | S37: 0 | T37: 0 | U37: =95+40 -> 135 | V37: =SUM(S37:U37) -> 135 | W37: 0 | Y37: =[4]Oktober!Y37+[3]Oktober!AX35 -> 115 | Z37: =SUM(W37:Y37) -> 115 | AA37: =(F37+J37+N37+R37+V37+Z37) -> 1653.76 | AB37: kg/hari | AD37: 30 | AE37: 30 | AF37: =(C37+G37+K37+O37+S37+W37) -> 45.6 | AG37: =(D37+H37+L37+P37+T37+X37) -> 43.16 | AH37: =(E37+I37+M37+Q37++U37+Y37) -> 1565 | AJ37: 30 | AK37: 30 | AL37: =AF37 -> 45.6 | AM37: =AL37/AA37 -> 0.027573529 | AN37: =AG37 -> 43.16 | AO37: =AN37/AA37 -> 0.026098104 | AP37: =AH37 -> 1565 | AQ37: =AP37/AA37 -> 0.94632837
A38: 31 | B38: 31 | C38: 0 | D38: 5.2 | E38: =[4]Oktober!E38+[3]Oktober!O36 -> 180 | F38: =SUM(C38:E38) -> 185.2 | G38: 11.6 | H38: 10.4 | I38: =[4]Oktober!I38+[3]Oktober!V36 -> 575 | J38: =SUM(G38:I38) -> 597 | K38: 10.8 | L38: 21.32 | M38: =[4]Oktober!M38 -> 100 | N38: =SUM(K38:M38) -> 132.12 | O38: 16.4 | P38: =(((2+2)*1.3)*2)*2 -> 20.8 | Q38: =[4]Oktober!Q38+[3]Oktober!AC36 -> 325 | R38: =SUM(O38:Q38) -> 362.2 | S38: 0 | T38: 15.6 | U38: =95+40 -> 135 | V38: =SUM(S38:U38) -> 150.6 | W38: 0 | Y38: =[4]Oktober!Y38+[3]Oktober!AX36 -> 160 | Z38: =SUM(W38:Y38) -> 160 | AA38: =(F38+J38+N38+R38+V38+Z38) -> 1587.12 | AB38: kg/hari | AD38: 31 | AE38: 31 | AF38: =(C38+G38+K38+O38+S38+W38) -> 38.8 | AG38: =(D38+H38+L38+P38+T38+X38) -> 73.32 | AH38: =(E38+I38+M38+Q38++U38+Y38) -> 1475 | AJ38: 31 | AK38: 31 | AL38: =AF38 -> 38.8 | AM38: =AL38/AA38 -> 0.024446797 | AN38: =AG38 -> 73.32 | AO38: =AN38/AA38 -> 0.046196885 | AP38: =AH38 -> 1475 | AQ38: =AP38/AA38 -> 0.92935632
A39: Total/jenis (kg/bulan) | C39: =SUM(C8:C38) -> 0 | D39: =SUM(D8:D38) -> 256.88 | E39: =SUM(E8:E38) -> 5517 | F39: =SUM(F8:F38) -> 5773.88 | G39: =SUM(G8:G38) -> 290.8 | H39: =SUM(H8:H38) -> 509.6 | I39: =SUM(I8:I38) -> 11532 | J39: =SUM(J8:J38) -> 12332.4 | ... AA39: =SUM(AA8:AA38) -> 49461.84 | AB39: kg/bulan | AD39: Total Jenis Sampah Terpilah (kg/bulan) | AF39: =SUM(AF8:AF38) -> 1232.4 | AG39: =SUM(AG8:AG38) -> 2546.44 | AH39: =SUM(AH8:AH38) -> 45683 | AJ39: Total Pengelolaan Sampah(kg/bulan) | AL39: =SUM(AL8:AL38) -> 1232.4 | AM39: - | AN39: =SUM(AN8:AN38) -> 2546.44 | AO39: - | AP39: =SUM(AP8:AP38) -> 45683 | AQ39: -
A40: Total/jenis (ton/bulan) | C40: =C39/1000 -> 0 | D40: =D39/1000 -> 0.25688 | E40: =E39/1000 -> 5.517 | F40: =F39/1000 -> 5.77388 | G40: =G39/1000 -> 0.2908 | H40: =H39/1000 -> 0.5096 | I40: =I39/1000 -> 11.532 | J40: =J39/1000 -> 12.3324 | ... AA40: =AA39/1000 -> 49.46184 | AB40: ton/bulan | AD40: Total Jenis Sampah Terpilah (ton/bulan) | AF40: =AF39/1000 -> 1.2324 | AG40: =AG39/1000 -> 2.54644 | AH40: =AH39/1000 -> 45.683 | AJ40: Total Sampah terkelola (ton/bulan) | AL40: =AL39/1000 -> 1.2324 | AM40: =AL40/AA40 -> 0.024916178 | AN40: =AN39/1000 -> 2.54644 | AO40: =AN40/AA40 -> 0.051482921 | AP40: =AP39/1000 -> 45.683 | AQ40: =AP40/AA40 -> 0.9236009
A41: Rata-rata perhari (kg/hari) | C41: =_xlfn.AGGREGATE(1,7,C8:C38) -> 0 | D41: =_xlfn.AGGREGATE(1,7,D8:D38) -> 8.2864516 | E41: =_xlfn.AGGREGATE(1,7,E8:E38) -> 177.96774 | F41: =AVERAGEIF(F8:F38,">0") -> 213.84741 | G41: =_xlfn.AGGREGATE(1,7,G8:G38) -> 9.3806452 | H41: =_xlfn.AGGREGATE(1,7,H8:H38) -> 16.43871 | I41: =_xlfn.AGGREGATE(1,7,I8:I38) -> 372 | J41: =AVERAGEIF(J8:J38,">0") -> 440.44286 | K41: =_xlfn.AGGREGATE(1,7,K8:K38) -> 14.812903 | L41: =_xlfn.AGGREGATE(1,7,L8:L38) -> 11.138065 | M41: =_xlfn.AGGREGATE(1,7,M8:M38) -> 78.870968 | N41: =AVERAGEIF(N8:N38,">0") -> 104.82194 | O41: =_xlfn.AGGREGATE(1,7,O8:O38) -> 15.56129 | P41: =_xlfn.AGGREGATE(1,7,P8:P38) -> 21.454194 | Q41: =_xlfn.AGGREGATE(1,7,Q8:Q38) -> 613.96774 | R41: =AVERAGEIF(R8:R38,">0") -> 650.98323 | S41: =_xlfn.AGGREGATE(1,7,S8:S38) -> 0 | T41: =_xlfn.AGGREGATE(1,7,T8:T38) -> 10.232258 | U41: =_xlfn.AGGREGATE(1,7,U8:U38) -> 113.44444 | V41: =AVERAGEIF(V8:V38,">0") -> 116.55862 | W41: =_xlfn.AGGREGATE(1,7,W8:W38) -> 0 | X41: =_xlfn.AGGREGATE(1,7,X8:X38) -> 16.157143 | Y41: =_xlfn.AGGREGATE(1,7,Y8:Y38) -> 132.03226 | Z41: =AVERAGEIF(Z8:Z38,">0") -> 168.34815 | AA41: =AVERAGEIF(AA8:AA38,">0") -> 1595.5432 | AB41: rata2 perhari (kg/hari) | AD41: Rata-rata Jenis Sampah Terpilah perhari (kg/hari) | AF41: =AVERAGEIF(AF8:AF38,">0") -> 39.754839 | AG41: =AVERAGEIF(AG8:AG38,">0") -> 82.143226 | AH41: =AVERAGEIF(AH8:AH38,">0") -> 1691.963 | AJ41: Rata-rata Sampah Terkelola perhari (kg/hari) | AL41: =AVERAGEIF(AL8:AL38,">0") -> 39.754839 | AM41: - | AN41: =AVERAGEIF(AN8:AN38,">0") -> 82.143226 | AO41: - | AP41: =AVERAGEIF(AP8:AP38,">0") -> 1691.963 | AQ41: -
C44: Keterangan:
D45: : Data di isi sesuai kondisi riil dilapangan.
D46: : Perhitungan Otomatis
D47: : Perhitungan Otomatis
D48: : Perhitungan Otomatis
D49: : Perhitungan Otomatis
D50: : Perhitungan Otomatis

Sheet November
A1: Perusahaan : | B1: ='Rekap Neraca Pengelolaan Sampah'!C3 -> PT PELINDO DAYA SEJAHTERA
A2: Tahun | B2: ='Rekap Neraca Pengelolaan Sampah'!D2 -> 2024
A3: Bulan: | B3: Nopember | C3: REKAMAN TIMBULAN SAMPAH | G3: REKAMAN TIMBULAN SAMPAH | K3: REKAMAN TIMBULAN SAMPAH | O3: REKAMAN TIMBULAN SAMPAH | S3: REKAMAN TIMBULAN SAMPAH | W3: REKAMAN TIMBULAN SAMPAH | AA3: TOTAL TIMBULAN SAMPAH DI SELURUH AREA | AB3: Satuan | AD3: REKAMAN REKAP JUMLAH SAMPAH BERDASARKAN | AJ3: REKAMAN REKAP JUMLAH PENGELOLAAN SAMPAH
A4: No | B4: Tanggal | C4: (kg/hari) | G4: (kg/hari) | K4: (kg/hari) | O4: (kg/hari) | S4: (kg/hari) | W4: (kg/hari) | AD4: JENIS SAMPAH TERPILAH | AJ4: DI SELURUH AREA
C5: Sumber sampah | G5: Sumber sampah | K5: Sumber sampah | O5: Sumber sampah | S5: Sumber sampah | W5: Sumber sampah | AD5: (kg/hari) | AJ5: Bulan : | AK5: =B3 -> Nopember | AL5: Tahun : | AM5: =B4 -> Tanggal
C6: Area Kantor | G6: Area Tempat Parkir/Taman/Jalan | K6: Area Ruang Tunggu | O6: Area Tempat Makan | S6: Sampah Kapal (Khusus Pelabuhan) | W6: Area Lain (sebutkan jika ada) | AD6: Bulan : | AE6: =B3 -> Nopember | AF6: Tahun : | AG6: =B4 -> Tanggal | AJ6: Sampah Terkelola (kg/hari)
C7: Sampah Organik Terpilah | D7: Sampah Anorganik Terpilah | E7: Sampah Lainnya dan/atau Residu | F7: Total Timbulan Sampah | G7: Sampah Organik Terpilah | H7: Sampah Anorganik Terpilah | I7: Sampah Lainnya dan/atau Residu | J7: Total Timbulan Sampah | K7: Sampah Organik Terpilah | L7: Sampah Anorganik Terpilah | M7: Sampah Lainnya dan/atau Residu | N7: Total Timbulan Sampah | O7: Sampah Organik Terpilah | P7: Sampah Anorganik Terpilah | Q7: Sampah Lainnya dan/atau Residu | R7: Total Timbulan Sampah | S7: Sampah Organik Terpilah | T7: Sampah Anorganik Terpilah | U7: Sampah Lainnya dan/atau Residu | V7: Total Timbulan Sampah | W7: Sampah Organik Terpilah | X7: Sampah Anorganik Terpilah | Y7: Sampah Lainnya dan/atau Residu | Z7: Total Timbulan Sampah | AD7: No. | AE7: Tanggal | AF7: Jumlah Sampah Organik | AG7: Jumlah Sampah Anorganik | AH7: Jumlah Sampah Residu ke TPA | AJ7: No. | AK7: Tanggal | AL7: Kompos / Pakan Ternak | AM7: Prosentase Kompos/pakan ternak | AN7: Bank Sampah / TPS3R / PDU | AO7: Prosentase Bank Sampah / TPS3R / PDU | AP7: Sampah Residu yang diangkut ke TPA | AQ7: Prosentase Sampah Residu yang diangkut ke TPA
A8: 1 | B8: 01 | C8: 100 | D8: 45.292 | E8: 135 | F8: =SUM(C8:E8) -> 280.292 | G8: 750 | H8: 43.264 | I8: 200 | J8: =SUM(G8:I8) -> 993.264 | K8: 140 | L8: 10.14 | M8: 100 | N8: =SUM(K8:M8) -> 250.14 | O8: 758 | P8: 47.996 | Q8: 500 | R8: =SUM(O8:Q8) -> 1305.996 | S8: 200 | T8: 47.32 | U8: 60 | V8: =SUM(S8:U8) -> 307.32 | W8: 60 | X8: 27.04 | Y8: 100 | Z8: =SUM(W8:Y8) -> 187.04 | AA8: =(F8+J8+N8+R8+V8+Z8) -> 3324.052 | AB8: kg/hari | AD8: 1 | AE8: 01 | AF8: =(C8+G8+K8+O8+S8+W8) -> 2008 | AG8: =(D8+H8+L8+P8+T8+X8) -> 221.052 | AH8: =(E8+I8+M8+Q8++U8+Y8) -> 1095 | AJ8: 1 | AK8: 01 | AL8: =AF8 -> 2008 | AM8: =AL8/AA8 -> 0.60408201 | AN8: =AG8 -> 221.052 | AO8: =AN8/AA8 -> 0.066500765 | AP8: =AH8 -> 1095 | AQ8: =AP8/AA8 -> 0.32941723
A9: 2 | B9: 02 | C9: 50 | D9: 0 | E9: 150 | F9: =SUM(C9:E9) -> 200 | G9: 400 | H9: 0 | I9: 100 | J9: =SUM(G9:I9) -> 500 | K9: 0 | L9: 7.436 | N9: =SUM(K9:M9) -> 7.436 | O9: 412.4 | P9: 6.76 | Q9: 100 | R9: =SUM(O9:Q9) -> 519.16 | S9: 120 | T9: 0 | U9: 50 | V9: =SUM(S9:U9) -> 170 | W9: 200 | X9: 0 | Y9: 50 | Z9: =SUM(W9:Y9) -> 250 | AA9: =(F9+J9+N9+R9+V9+Z9) -> 1646.596 | AB9: kg/hari | AD9: 2 | AE9: 02 | AF9: =(C9+G9+K9+O9+S9+W9) -> 1182.4 | AG9: =(D9+H9+L9+P9+T9+X9) -> 14.196 | AH9: =(E9+I9+M9+Q9++U9+Y9) -> 450 | AJ9: 2 | AK9: 02 | AL9: =AF9 -> 1182.4 | AM9: =AL9/AA9 -> 0.7180875 | AN9: =AG9 -> 14.196 | AO9: =AN9/AA9 -> 0.0086214226 | AP9: =AH9 -> 450 | AQ9: =AP9/AA9 -> 0.27329108
A10: 3 | B10: 03 | C10: 0 | D10: 0 | E10: 0 | F10: =SUM(C10:E10) -> 0 | G10: 0 | H10: 0 | I10: 0 | J10: =SUM(G10:I10) -> 0 | K10: 0 | L10: 9.464 | N10: =SUM(K10:M10) -> 9.464 | O10: 16.8 | P10: 18.928 | Q10: 0 | R10: =SUM(O10:Q10) -> 35.728 | S10: 200 | T10: 6.76 | U10: 80 | V10: =SUM(S10:U10) -> 286.76 | W10: 200 | X10: 0 | Y10: 50 | Z10: =SUM(W10:Y10) -> 250 | AA10: =(F10+J10+N10+R10+V10+Z10) -> 581.952 | AB10: kg/hari | AD10: 3 | AE10: 03 | AF10: =(C10+G10+K10+O10+S10+W10) -> 416.8 | AG10: =(D10+H10+L10+P10+T10+X10) -> 35.152 | AH10: =(E10+I10+M10+Q10++U10+Y10) -> 130 | AJ10: 3 | AK10: 03 | AL10: =AF10 -> 416.8 | AM10: =AL10/AA10 -> 0.71621027 | AN10: =AG10 -> 35.152 | AO10: =AN10/AA10 -> 0.060403607 | AP10: =AH10 -> 130 | AQ10: =AP10/AA10 -> 0.22338612
A11: 4 | B11: 04 | C11: 100 | D11: 25.688 | E11: 105 | F11: =SUM(C11:E11) -> 230.688 | G11: 548.4 | H11: 41.912 | I11: 300 | J11: =SUM(G11:I11) -> 890.312 | K11: 140 | L11: 25.012 | M11: 100 | N11: =SUM(K11:M11) -> 265.012 | O11: 1158.8 | P11: 45.292 | Q11: 800 | R11: =SUM(O11:Q11) -> 2004.092 | S11: 220 | T11: 20.28 | U11: 50 | V11: =SUM(S11:U11) -> 290.28 | W11: 80 | X11: 20.28 | Y11: 100 | Z11: =SUM(W11:Y11) -> 200.28 | AA11: =(F11+J11+N11+R11+V11+Z11) -> 3880.664 | AB11: kg/hari | AD11: 4 | AE11: 04 | AF11: =(C11+G11+K11+O11+S11+W11) -> 2247.2 | AG11: =(D11+H11+L11+P11+T11+X11) -> 178.464 | AH11: =(E11+I11+M11+Q11++U11+Y11) -> 1455 | AJ11: 4 | AK11: 04 | AL11: =AF11 -> 2247.2 | AM11: =AL11/AA11 -> 0.57907616 | AN11: =AG11 -> 178.464 | AO11: =AN11/AA11 -> 0.045988006 | AP11: =AH11 -> 1455 | AQ11: =AP11/AA11 -> 0.37493584
A12: 5 | B12: 05 | C12: 80 | D12: 18.252 | E12: 100 | F12: =SUM(C12:E12) -> 198.252 | G12: 772.4 | H12: 21.632 | I12: 200 | J12: =SUM(G12:I12) -> 994.032 | K12: 280 | L12: 6.084 | M12: 100 | N12: =SUM(K12:M12) -> 386.084 | O12: 695.6 | P12: 20.956 | Q12: 500 | R12: =SUM(O12:Q12) -> 1216.556 | S12: 60 | T12: 20.28 | U12: 50 | V12: =SUM(S12:U12) -> 130.28 | W12: 200 | X12: 27.04 | Y12: 50 | Z12: =SUM(W12:Y12) -> 277.04 | AA12: =(F12+J12+N12+R12+V12+Z12) -> 3202.244 | AB12: kg/hari | AD12: 5 | AE12: 05 | AF12: =(C12+G12+K12+O12+S12+W12) -> 2088 | AG12: =(D12+H12+L12+P12+T12+X12) -> 114.244 | AH12: =(E12+I12+M12+Q12++U12+Y12) -> 1000 | AJ12: 5 | AK12: 05 | AL12: =AF12 -> 2088 | AM12: =AL12/AA12 -> 0.65204276 | AN12: =AG12 -> 114.244 | AO12: =AN12/AA12 -> 0.035676232 | AP12: =AH12 -> 1000 | AQ12: =AP12/AA12 -> 0.31228101
A13: 6 | B13: 06 | C13: 100 | D13: 28.392 | E13: 120 | F13: =SUM(C13:E13) -> 248.392 | G13: 557.2 | H13: 39.884 | I13: 300 | J13: =SUM(G13:I13) -> 897.084 | K13: 148 | L13: 10.14 | M13: 100 | N13: =SUM(K13:M13) -> 258.14 | O13: 1010.4 | P13: 13.52 | Q13: 800 | R13: =SUM(O13:Q13) -> 1823.92 | S13: 120 | T13: 27.04 | U13: 50 | V13: =SUM(S13:U13) -> 197.04 | W13: 80 | X13: 13.52 | Y13: 100 | Z13: =SUM(W13:Y13) -> 193.52 | AA13: =(F13+J13+N13+R13+V13+Z13) -> 3618.096 | AB13: kg/hari | AD13: 6 | AE13: 06 | AF13: =(C13+G13+K13+O13+S13+W13) -> 2015.6 | AG13: =(D13+H13+L13+P13+T13+X13) -> 132.496 | AH13: =(E13+I13+M13+Q13++U13+Y13) -> 1470 | AJ13: 6 | AK13: 06 | AL13: =AF13 -> 2015.6 | AM13: =AL13/AA13 -> 0.55708859 | AN13: =AG13 -> 132.496 | AO13: =AN13/AA13 -> 0.036620366 | AP13: =AH13 -> 1470 | AQ13: =AP13/AA13 -> 0.40629104
A14: 7 | B14: 07 | C14: 105 | D14: 20.956 | E14: 100 | F14: =SUM(C14:E14) -> 225.956 | G14: 347.6 | H14: 35.152 | I14: 250 | J14: =SUM(G14:I14) -> 632.752 | K14: 140 | L14: 9.464 | M14: 100 | N14: =SUM(K14:M14) -> 249.464 | O14: 556 | P14: 48.672 | Q14: 700 | R14: =SUM(O14:Q14) -> 1304.672 | S14: 120 | T14: 27.04 | U14: 70 | V14: =SUM(S14:U14) -> 217.04 | W14: 200 | X14: 13.52 | Y14: 50 | Z14: =SUM(W14:Y14) -> 263.52 | AA14: =(F14+J14+N14+R14+V14+Z14) -> 2893.404 | AB14: kg/hari | AD14: 7 | AE14: 07 | AF14: =(C14+G14+K14+O14+S14+W14) -> 1468.6 | AG14: =(D14+H14+L14+P14+T14+X14) -> 154.804 | AH14: =(E14+I14+M14+Q14++U14+Y14) -> 1270 | AJ14: 7 | AK14: 07 | AL14: =AF14 -> 1468.6 | AM14: =AL14/AA14 -> 0.50756825 | AN14: =AG14 -> 154.804 | AO14: =AN14/AA14 -> 0.05350238 | AP14: =AH14 -> 1270 | AQ14: =AP14/AA14 -> 0.43892937
A15: 8 | B15: 08 | C15: 55 | D15: 43.94 | E15: 50 | F15: =SUM(C15:E15) -> 148.94 | G15: 251.2 | H15: 27.04 | I15: 150 | J15: =SUM(G15:I15) -> 428.24 | K15: 0 | L15: 5.408 | N15: =SUM(K15:M15) -> 5.408 | O15: 732.8 | P15: 28.392 | Q15: 300 | R15: =SUM(O15:Q15) -> 1061.192 | S15: 160 | T15: 27.04 | U15: 50 | V15: =SUM(S15:U15) -> 237.04 | W15: 200 | X15: 20.28 | Y15: 50 | Z15: =SUM(W15:Y15) -> 270.28 | AA15: =(F15+J15+N15+R15+V15+Z15) -> 2151.1 | AB15: kg/hari | AD15: 8 | AE15: 08 | AF15: =(C15+G15+K15+O15+S15+W15) -> 1399 | AG15: =(D15+H15+L15+P15+T15+X15) -> 152.1 | AH15: =(E15+I15+M15+Q15++U15+Y15) -> 600 | AJ15: 8 | AK15: 08 | AL15: =AF15 -> 1399 | AM15: =AL15/AA15 -> 0.65036493 | AN15: =AG15 -> 152.1 | AO15: =AN15/AA15 -> 0.07070801 | AP15: =AH15 -> 600 | AQ15: =AP15/AA15 -> 0.27892706
A16: 9 | B16: 09 | C16: 50 | D16: 0 | E16: 68 | F16: =SUM(C16:E16) -> 118 | G16: 72 | H16: 6.76 | I16: 100 | J16: =SUM(G16:I16) -> 178.76 | K16: 0 | L16: 7.436 | N16: =SUM(K16:M16) -> 7.436 | O16: 212.4 | P16: 8.112 | Q16: 70 | R16: =SUM(O16:Q16) -> 290.512 | S16: 200 | T16: 0 | U16: 50 | V16: =SUM(S16:U16) -> 250 | W16: 200 | X16: 0 | Y16: 50 | Z16: =SUM(W16:Y16) -> 250 | AA16: =(F16+J16+N16+R16+V16+Z16) -> 1094.708 | AB16: kg/hari | AD16: 9 | AE16: 09 | AF16: =(C16+G16+K16+O16+S16+W16) -> 734.4 | AG16: =(D16+H16+L16+P16+T16+X16) -> 22.308 | AH16: =(E16+I16+M16+Q16++U16+Y16) -> 338 | AJ16: 9 | AK16: 09 | AL16: =AF16 -> 734.4 | AM16: =AL16/AA16 -> 0.67086383 | AN16: =AG16 -> 22.308 | AO16: =AN16/AA16 -> 0.020378037 | AP16: =AH16 -> 338 | AQ16: =AP16/AA16 -> 0.30875813
A17: 10 | B17: 10 | C17: 0 | D17: 0 | E17: 0 | F17: =SUM(C17:E17) -> 0 | G17: 0 | H17: 0 | I17: 0 | J17: =SUM(G17:I17) -> 0 | K17: 0 | L17: 20.956 | N17: =SUM(K17:M17) -> 20.956 | O17: 16.4 | P17: 9.464 | Q17: 0 | R17: =SUM(O17:Q17) -> 25.864 | S17: 100 | T17: 0 | U17: 100 | V17: =SUM(S17:U17) -> 200 | W17: 200 | X17: 0 | Y17: 50 | Z17: =SUM(W17:Y17) -> 250 | AA17: =(F17+J17+N17+R17+V17+Z17) -> 496.82 | AB17: kg/hari | AD17: 10 | AE17: 10 | AF17: =(C17+G17+K17+O17+S17+W17) -> 316.4 | AG17: =(D17+H17+L17+P17+T17+X17) -> 30.42 | AH17: =(E17+I17+M17+Q17++U17+Y17) -> 150 | AJ17: 10 | AK17: 10 | AL17: =AF17 -> 316.4 | AM17: =AL17/AA17 -> 0.63685037 | AN17: =AG17 -> 30.42 | AO17: =AN17/AA17 -> 0.061229419 | AP17: =AH17 -> 150 | AQ17: =AP17/AA17 -> 0.30192021
A18: 11 | B18: 11 | C18: 119 | D18: 34.476 | E18: 200 | F18: =SUM(C18:E18) -> 353.476 | G18: 705.6 | H18: 34.476 | I18: 400 | J18: =SUM(G18:I18) -> 1140.076 | K18: 200 | L18: 6.76 | M18: 100 | N18: =SUM(K18:M18) -> 306.76 | O18: 970.8 | P18: 38.532 | Q18: 600 | R18: =SUM(O18:Q18) -> 1609.332 | S18: 320 | T18: 27.04 | U18: 100 | V18: =SUM(S18:U18) -> 447.04 | W18: 100 | X18: 20.28 | Y18: 100 | Z18: =SUM(W18:Y18) -> 220.28 | AA18: =(F18+J18+N18+R18+V18+Z18) -> 4076.964 | AB18: kg/hari | AD18: 11 | AE18: 11 | AF18: =(C18+G18+K18+O18+S18+W18) -> 2415.4 | AG18: =(D18+H18+L18+P18+T18+X18) -> 161.564 | AH18: =(E18+I18+M18+Q18++U18+Y18) -> 1500 | AJ18: 11 | AK18: 11 | AL18: =AF18 -> 2415.4 | AM18: =AL18/AA18 -> 0.59245066 | AN18: =AG18 -> 161.564 | AO18: =AN18/AA18 -> 0.039628508 | AP18: =AH18 -> 1500 | AQ18: =AP18/AA18 -> 0.36792084
A19: 12 | B19: 12 | C19: 150 | D19: 19.604 | E19: 200 | F19: =SUM(C19:E19) -> 369.604 | G19: 706 | H19: 22.984 | I19: 300 | J19: =SUM(G19:I19) -> 1028.984 | K19: 400 | L19: 6.084 | M19: 100 | N19: =SUM(K19:M19) -> 506.084 | O19: 1515.6 | P19: 35.828 | Q19: 800 | R19: =SUM(O19:Q19) -> 2351.428 | S19: 400 | T19: 13.52 | U19: 140 | V19: =SUM(S19:U19) -> 553.52 | W19: 100 | X19: 13.52 | Y19: 100 | Z19: =SUM(W19:Y19) -> 213.52 | AA19: =(F19+J19+N19+R19+V19+Z19) -> 5023.14 | AB19: kg/hari | AD19: 12 | AE19: 12 | AF19: =(C19+G19+K19+O19+S19+W19) -> 3271.6 | AG19: =(D19+H19+L19+P19+T19+X19) -> 111.54 | AH19: =(E19+I19+M19+Q19++U19+Y19) -> 1640 | AJ19: 12 | AK19: 12 | AL19: =AF19 -> 3271.6 | AM19: =AL19/AA19 -> 0.65130576 | AN19: =AG19 -> 111.54 | AO19: =AN19/AA19 -> 0.022205234 | AP19: =AH19 -> 1640 | AQ19: =AP19/AA19 -> 0.32648901
A20: 13 | B20: 13 | C20: 60 | D20: 21.632 | E20: 200 | F20: =SUM(C20:E20) -> 281.632 | G20: 451.6 | H20: 52.052 | I20: 300 | J20: =SUM(G20:I20) -> 803.652 | K20: 200 | L20: 8.112 | M20: 50 | N20: =SUM(K20:M20) -> 258.112 | O20: 1218 | P20: 29.744 | Q20: 600 | R20: =SUM(O20:Q20) -> 1847.744 | S20: 40 | T20: 27.04 | U20: 30 | V20: =SUM(S20:U20) -> 97.04 | W20: 200 | X20: 13.52 | Y20: 60 | Z20: =SUM(W20:Y20) -> 273.52 | AA20: =(F20+J20+N20+R20+V20+Z20) -> 3561.7 | AB20: kg/hari | AD20: 13 | AE20: 13 | AF20: =(C20+G20+K20+O20+S20+W20) -> 2169.6 | AG20: =(D20+H20+L20+P20+T20+X20) -> 152.1 | AH20: =(E20+I20+M20+Q20++U20+Y20) -> 1240 | AJ20: 13 | AK20: 13 | AL20: =AF20 -> 2169.6 | AM20: =AL20/AA20 -> 0.60914732 | AN20: =AG20 -> 152.1 | AO20: =AN20/AA20 -> 0.042704327 | AP20: =AH20 -> 1240 | AQ20: =AP20/AA20 -> 0.34814836
A21: 14 | B21: 14 | C21: 75 | D21: 39.208 | E21: 200 | F21: =SUM(C21:E21) -> 314.208 | G21: 608.4 | H21: 20.956 | I21: 400 | J21: =SUM(G21:I21) -> 1029.356 | K21: 200 | L21: 7.436 | M21: 50 | N21: =SUM(K21:M21) -> 257.436 | O21: 861.2 | P21: 25.012 | Q21: 700 | R21: =SUM(O21:Q21) -> 1586.212 | S21: 352 | T21: 13.52 | U21: 100 | V21: =SUM(S21:U21) -> 465.52 | W21: 200 | X21: 20.28 | Y21: 50 | Z21: =SUM(W21:Y21) -> 270.28 | AA21: =(F21+J21+N21+R21+V21+Z21) -> 3923.012 | AB21: kg/hari | AD21: 14 | AE21: 14 | AF21: =(C21+G21+K21+O21+S21+W21) -> 2296.6 | AG21: =(D21+H21+L21+P21+T21+X21) -> 126.412 | AH21: =(E21+I21+M21+Q21++U21+Y21) -> 1500 | AJ21: 14 | AK21: 14 | AL21: =AF21 -> 2296.6 | AM21: =AL21/AA21 -> 0.58541753 | AN21: =AG21 -> 126.412 | AO21: =AN21/AA21 -> 0.0322232 | AP21: =AH21 -> 1500 | AQ21: =AP21/AA21 -> 0.38235927
A22: 15 | B22: 15 | C22: 75 | D22: 6.76 | E22: 200 | F22: =SUM(C22:E22) -> 281.76 | G22: 249.6 | H22: 21.632 | I22: 400 | J22: =SUM(G22:I22) -> 671.232 | K22: 160 | L22: 17.576 | M22: 100 | N22: =SUM(K22:M22) -> 277.576 | O22: 1012.4 | P22: 68.952 | Q22: 800 | R22: =SUM(O22:Q22) -> 1881.352 | S22: 120 | T22: 13.52 | U22: 50 | V22: =SUM(S22:U22) -> 183.52 | W22: 200 | X22: 0 | Y22: 50 | Z22: =SUM(W22:Y22) -> 250 | AA22: =(F22+J22+N22+R22+V22+Z22) -> 3545.44 | AB22: kg/hari | AD22: 15 | AE22: 15 | AF22: =(C22+G22+K22+O22+S22+W22) -> 1817 | AG22: =(D22+H22+L22+P22+T22+X22) -> 128.44 | AH22: =(E22+I22+M22+Q22++U22+Y22) -> 1600 | AJ22: 15 | AK22: 15 | AL22: =AF22 -> 1817 | AM22: =AL22/AA22 -> 0.51248928 | AN22: =AG22 -> 128.44 | AO22: =AN22/AA22 -> 0.036226815 | AP22: =AH22 -> 1600 | AQ22: =AP22/AA22 -> 0.4512839
A23: 16 | B23: 16 | C23: 35 | D23: 0 | E23: 50 | F23: =SUM(C23:E23) -> 85 | G23: 400 | H23: 0 | I23: 200 | J23: =SUM(G23:I23) -> 600 | K23: 0 | L23: 9.464 | N23: =SUM(K23:M23) -> 9.464 | O23: 616.8 | P23: 4.732 | Q23: 500 | R23: =SUM(O23:Q23) -> 1121.532 | S23: 40 | T23: 0 | U23: 20 | V23: =SUM(S23:U23) -> 60 | W23: 200 | X23: 6.76 | Y23: 55 | Z23: =SUM(W23:Y23) -> 261.76 | AA23: =(F23+J23+N23+R23+V23+Z23) -> 2137.756 | AB23: kg/hari | AD23: 16 | AE23: 16 | AF23: =(C23+G23+K23+O23+S23+W23) -> 1291.8 | AG23: =(D23+H23+L23+P23+T23+X23) -> 20.956 | AH23: =(E23+I23+M23+Q23++U23+Y23) -> 825 | AJ23: 16 | AK23: 16 | AL23: =AF23 -> 1291.8 | AM23: =AL23/AA23 -> 0.60427851 | AN23: =AG23 -> 20.956 | AO23: =AN23/AA23 -> 0.0098028026 | AP23: =AH23 -> 825 | AQ23: =AP23/AA23 -> 0.38591869
A24: 17 | B24: 17 | C24: 0 | D24: 0 | E24: 0 | F24: =SUM(C24:E24) -> 0 | G24: 0 | H24: 0 | I24: 0 | J24: =SUM(G24:I24) -> 0 | K24: 0 | L24: 10.816 | N24: =SUM(K24:M24) -> 10.816 | O24: 22.4 | P24: 6.084 | Q24: 0 | R24: =SUM(O24:Q24) -> 28.484 | S24: 0 | T24: 0 | V24: =SUM(S24:U24) -> 0 | W24: 200 | X24: 0 | Y24: 50 | Z24: =SUM(W24:Y24) -> 250 | AA24: =(F24+J24+N24+R24+V24+Z24) -> 289.3 | AB24: kg/hari | AD24: 17 | AE24: 17 | AF24: =(C24+G24+K24+O24+S24+W24) -> 222.4 | AG24: =(D24+H24+L24+P24+T24+X24) -> 16.9 | AH24: =(E24+I24+M24+Q24++U24+Y24) -> 50 | AJ24: 17 | AK24: 17 | AL24: =AF24 -> 222.4 | AM24: =AL24/AA24 -> 0.76875216 | AN24: =AG24 -> 16.9 | AO24: =AN24/AA24 -> 0.058416868 | AP24: =AH24 -> 50 | AQ24: =AP24/AA24 -> 0.17283097
A25: 18 | B25: 18 | C25: 70 | D25: 16.224 | E25: 100 | F25: =SUM(C25:E25) -> 186.224 | G25: 547.2 | H25: 21.632 | I25: 300 | J25: =SUM(G25:I25) -> 868.832 | K25: 200 | L25: 11.492 | M25: 100 | N25: =SUM(K25:M25) -> 311.492 | O25: 815.6 | P25: 14.872 | Q25: 500 | R25: =SUM(O25:Q25) -> 1330.472 | S25: 180 | T25: 6.76 | U25: 50 | V25: =SUM(S25:U25) -> 236.76 | W25: 200 | X25: 6.76 | Y25: 55 | Z25: =SUM(W25:Y25) -> 261.76 | AA25: =(F25+J25+N25+R25+V25+Z25) -> 3195.54 | AB25: kg/hari | AD25: 18 | AE25: 18 | AF25: =(C25+G25+K25+O25+S25+W25) -> 2012.8 | AG25: =(D25+H25+L25+P25+T25+X25) -> 77.74 | AH25: =(E25+I25+M25+Q25++U25+Y25) -> 1105 | AJ25: 18 | AK25: 18 | AL25: =AF25 -> 2012.8 | AM25: =AL25/AA25 -> 0.62987789 | AN25: =AG25 -> 77.74 | AO25: =AN25/AA25 -> 0.024327657 | AP25: =AH25 -> 1105 | AQ25: =AP25/AA25 -> 0.34579445
A26: 19 | B26: 19 | C26: 60 | D26: 7.436 | E26: 200 | F26: =SUM(C26:E26) -> 267.436 | G26: 490 | H26: 20.28 | I26: 300 | J26: =SUM(G26:I26) -> 810.28 | K26: 40 | L26: 17.576 | M26: 40 | N26: =SUM(K26:M26) -> 97.576 | O26: 512.8 | P26: 7.436 | Q26: 500 | R26: =SUM(O26:Q26) -> 1020.236 | S26: 40 | T26: 0 | U26: 50 | V26: =SUM(S26:U26) -> 90 | W26: 200 | X26: 0 | Y26: 50 | Z26: =SUM(W26:Y26) -> 250 | AA26: =(F26+J26+N26+R26+V26+Z26) -> 2535.528 | AB26: kg/hari | AD26: 19 | AE26: 19 | AF26: =(C26+G26+K26+O26+S26+W26) -> 1342.8 | AG26: =(D26+H26+L26+P26+T26+X26) -> 52.728 | AH26: =(E26+I26+M26+Q26++U26+Y26) -> 1140 | AJ26: 19 | AK26: 19 | AL26: =AF26 -> 1342.8 | AM26: =AL26/AA26 -> 0.52959384 | AN26: =AG26 -> 52.728 | AO26: =AN26/AA26 -> 0.020795669 | AP26: =AH26 -> 1140 | AQ26: =AP26/AA26 -> 0.4496105
A27: 20 | B27: 20 | C27: 90 | D27: 23.66 | E27: 100 | F27: =SUM(C27:E27) -> 213.66 | G27: 806.8 | H27: 19.604 | I27: 400 | J27: =SUM(G27:I27) -> 1226.404 | K27: 400 | L27: 11.492 | M27: 100 | N27: =SUM(K27:M27) -> 511.492 | O27: 1616.4 | P27: 40.56 | Q27: 800 | R27: =SUM(O27:Q27) -> 2456.96 | S27: 160 | T27: 20.28 | U27: 50 | V27: =SUM(S27:U27) -> 230.28 | W27: 200 | X27: 6.76 | Y27: 60 | Z27: =SUM(W27:Y27) -> 266.76 | AA27: =(F27+J27+N27+R27+V27+Z27) -> 4905.556 | AB27: kg/hari | AD27: 20 | AE27: 20 | AF27: =(C27+G27+K27+O27+S27+W27) -> 3273.2 | AG27: =(D27+H27+L27+P27+T27+X27) -> 122.356 | AH27: =(E27+I27+M27+Q27++U27+Y27) -> 1510 | AJ27: 20 | AK27: 20 | AL27: =AF27 -> 3273.2 | AM27: =AL27/AA27 -> 0.66724343 | AN27: =AG27 -> 122.356 | AO27: =AN27/AA27 -> 0.024942331 | AP27: =AH27 -> 1510 | AQ27: =AP27/AA27 -> 0.30781424
A28: 21 | B28: 21 | C28: 135 | D28: 12.844 | E28: 200 | F28: =SUM(C28:E28) -> 347.844 | G28: 490.4 | H28: 18.252 | I28: 300 | J28: =SUM(G28:I28) -> 808.652 | K28: 200 | L28: 7.436 | M28: 60 | N28: =SUM(K28:M28) -> 267.436 | O28: 614.8 | P28: 9.464 | Q28: 800 | R28: =SUM(O28:Q28) -> 1424.264 | S28: 120 | T28: 0 | U28: 50 | V28: =SUM(S28:U28) -> 170 | W28: 200 | X28: 0 | Y28: 50 | Z28: =SUM(W28:Y28) -> 250 | AA28: =(F28+J28+N28+R28+V28+Z28) -> 3268.196 | AB28: kg/hari | AD28: 21 | AE28: 21 | AF28: =(C28+G28+K28+O28+S28+W28) -> 1760.2 | AG28: =(D28+H28+L28+P28+T28+X28) -> 47.996 | AH28: =(E28+I28+M28+Q28++U28+Y28) -> 1460 | AJ28: 21 | AK28: 21 | AL28: =AF28 -> 1760.2 | AM28: =AL28/AA28 -> 0.53858459 | AN28: =AG28 -> 47.996 | AO28: =AN28/AA28 -> 0.014685778 | AP28: =AH28 -> 1460 | AQ28: =AP28/AA28 -> 0.44672963
A29: 22 | B29: 22 | C29: 95 | D29: 14.872 | E29: 200 | F29: =SUM(C29:E29) -> 309.872 | G29: 312.4 | H29: 28.392 | I29: 300 | J29: =SUM(G29:I29) -> 640.792 | K29: 200 | L29: 20.956 | M29: 100 | N29: =SUM(K29:M29) -> 320.956 | O29: 1634.4 | P29: 23.66 | Q29: 700 | R29: =SUM(O29:Q29) -> 2358.06 | S29: 100 | T29: 20.28 | U29: 100 | V29: =SUM(S29:U29) -> 220.28 | W29: 220 | X29: 6.76 | Y29: 50 | Z29: =SUM(W29:Y29) -> 276.76 | AA29: =(F29+J29+N29+R29+V29+Z29) -> 4126.72 | AB29: kg/hari | AD29: 22 | AE29: 22 | AF29: =(C29+G29+K29+O29+S29+W29) -> 2561.8 | AG29: =(D29+H29+L29+P29+T29+X29) -> 114.92 | AH29: =(E29+I29+M29+Q29++U29+Y29) -> 1450 | AJ29: 22 | AK29: 22 | AL29: =AF29 -> 2561.8 | AM29: =AL29/AA29 -> 0.62078358 | AN29: =AG29 -> 114.92 | AO29: =AN29/AA29 -> 0.027847782 | AP29: =AH29 -> 1450 | AQ29: =AP29/AA29 -> 0.35136864
A30: 23 | B30: 23 | C30: 25 | D30: 0 | E30: 100 | F30: =SUM(C30:E30) -> 125 | G30: 300 | H30: 0 | I30: 100 | J30: =SUM(G30:I30) -> 400 | K30: 0 | L30: 9.464 | N30: =SUM(K30:M30) -> 9.464 | O30: 218 | P30: 9.464 | Q30: 50 | R30: =SUM(O30:Q30) -> 277.464 | S30: 40 | T30: 0 | U30: 50 | V30: =SUM(S30:U30) -> 90 | W30: 200 | X30: 0 | Y30: 50 | Z30: =SUM(W30:Y30) -> 250 | AA30: =(F30+J30+N30+R30+V30+Z30) -> 1151.928 | AB30: kg/hari | AD30: 23 | AE30: 23 | AF30: =(C30+G30+K30+O30+S30+W30) -> 783 | AG30: =(D30+H30+L30+P30+T30+X30) -> 18.928 | AH30: =(E30+I30+M30+Q30++U30+Y30) -> 350 | AJ30: 23 | AK30: 23 | AL30: =AF30 -> 783 | AM30: =AL30/AA30 -> 0.67972998 | AN30: =AG30 -> 18.928 | AO30: =AN30/AA30 -> 0.016431583 | AP30: =AH30 -> 350 | AQ30: =AP30/AA30 -> 0.30383843
A31: 24 | B31: 24 | C31: 0 | D31: 0 | E31: 0 | F31: =SUM(C31:E31) -> 0 | G31: 0 | H31: 0 | I31: 0 | J31: =SUM(G31:I31) -> 0 | K31: 0 | L31: 6.084 | N31: =SUM(K31:M31) -> 6.084 | O31: 15.6 | P31: 21.632 | Q31: 0 | R31: =SUM(O31:Q31) -> 37.232 | S31: 60 | T31: 0 | U31: 40 | V31: =SUM(S31:U31) -> 100 | W31: 200 | X31: 0 | Y31: 50 | Z31: =SUM(W31:Y31) -> 250 | AA31: =(F31+J31+N31+R31+V31+Z31) -> 393.316 | AB31: kg/hari | AD31: 24 | AE31: 24 | AF31: =(C31+G31+K31+O31+S31+W31) -> 275.6 | AG31: =(D31+H31+L31+P31+T31+X31) -> 27.716 | AH31: =(E31+I31+M31+Q31++U31+Y31) -> 90 | AJ31: 24 | AK31: 24 | AL31: =AF31 -> 275.6 | AM31: =AL31/AA31 -> 0.70070884 | AN31: =AG31 -> 27.716 | AO31: =AN31/AA31 -> 0.070467512 | AP31: =AH31 -> 90 | AQ31: =AP31/AA31 -> 0.22882364
A32: 25 | B32: 25 | C32: 90 | D32: 22.308 | E32: 200 | F32: =SUM(C32:E32) -> 312.308 | G32: 488.4 | H32: 21.632 | I32: 300 | J32: =SUM(G32:I32) -> 810.032 | K32: 200 | L32: 7.436 | M32: 50 | N32: =SUM(K32:M32) -> 257.436 | O32: 898 | P32: 14.872 | Q32: 800 | R32: =SUM(O32:Q32) -> 1712.872 | S32: 120 | T32: 27.04 | U32: 100 | V32: =SUM(S32:U32) -> 247.04 | W32: 220 | X32: 6.76 | Y32: 50 | Z32: =SUM(W32:Y32) -> 276.76 | AA32: =(F32+J32+N32+R32+V32+Z32) -> 3616.448 | AB32: kg/hari | AD32: 25 | AE32: 25 | AF32: =(C32+G32+K32+O32+S32+W32) -> 2016.4 | AG32: =(D32+H32+L32+P32+T32+X32) -> 100.048 | AH32: =(E32+I32+M32+Q32++U32+Y32) -> 1500 | AJ32: 25 | AK32: 25 | AL32: =AF32 -> 2016.4 | AM32: =AL32/AA32 -> 0.55756366 | AN32: =AG32 -> 100.048 | AO32: =AN32/AA32 -> 0.027664714 | AP32: =AH32 -> 1500 | AQ32: =AP32/AA32 -> 0.41477162
A33: 26 | B33: 26 | C33: 150 | D33: 6.084 | E33: 200 | F33: =SUM(C33:E33) -> 356.084 | G33: 809.6 | H33: 19.604 | I33: 400 | J33: =SUM(G33:I33) -> 1229.204 | K33: 280 | L33: 8.112 | M33: 150 | N33: =SUM(K33:M33) -> 438.112 | O33: 1620.8 | P33: 6.084 | Q33: 700 | R33: =SUM(O33:Q33) -> 2326.884 | S33: 40 | T33: 0 | U33: 50 | V33: =SUM(S33:U33) -> 90 | W33: 200 | X33: 0 | Y33: 60 | Z33: =SUM(W33:Y33) -> 260 | AA33: =(F33+J33+N33+R33+V33+Z33) -> 4700.284 | AB33: kg/hari | AD33: 26 | AE33: 26 | AF33: =(C33+G33+K33+O33+S33+W33) -> 3100.4 | AG33: =(D33+H33+L33+P33+T33+X33) -> 39.884 | AH33: =(E33+I33+M33+Q33++U33+Y33) -> 1560 | AJ33: 26 | AK33: 26 | AL33: =AF33 -> 3100.4 | AM33: =AL33/AA33 -> 0.65961972 | AN33: =AG33 -> 39.884 | AO33: =AN33/AA33 -> 0.0084854447 | AP33: =AH33 -> 1560 | AQ33: =AP33/AA33 -> 0.33189484
A34: 27 | B34: 27 | C34: 0 | D34: 13.52 | E34: 0 | F34: =SUM(C34:E34) -> 13.52 | G34: 11.2 | H34: 19.604 | I34: 0 | J34: =SUM(G34:I34) -> 30.804 | K34: 0 | L34: 23.66 | N34: =SUM(K34:M34) -> 23.66 | O34: 16.8 | P34: 27.716 | Q34: 0 | R34: =SUM(O34:Q34) -> 44.516 | S34: 0 | T34: 13.52 | V34: =SUM(S34:U34) -> 13.52 | W34: 200 | X34: 6.76 | Y34: 50 | Z34: =SUM(W34:Y34) -> 256.76 | AA34: =(F34+J34+N34+R34+V34+Z34) -> 382.78 | AB34: kg/hari | AD34: 27 | AE34: 27 | AF34: =(C34+G34+K34+O34+S34+W34) -> 228 | AG34: =(D34+H34+L34+P34+T34+X34) -> 104.78 | AH34: =(E34+I34+M34+Q34++U34+Y34) -> 50 | AJ34: 27 | AK34: 27 | AL34: =AF34 -> 228 | AM34: =AL34/AA34 -> 0.59564241 | AN34: =AG34 -> 104.78 | AO34: =AN34/AA34 -> 0.27373426 | AP34: =AH34 -> 50 | AQ34: =AP34/AA34 -> 0.13062333
A35: 28 | B35: 28 | C35: 100 | D35: 16.224 | E35: 200 | F35: =SUM(C35:E35) -> 316.224 | G35: 207.6 | H35: 9.464 | I35: 400 | J35: =SUM(G35:I35) -> 617.064 | K35: 200 | L35: 8.112 | M35: 100 | N35: =SUM(K35:M35) -> 308.112 | O35: 1215.2 | P35: 17.576 | Q35: 800 | R35: =SUM(O35:Q35) -> 2032.776 | S35: 540 | T35: 0 | U35: 100 | V35: =SUM(S35:U35) -> 640 | W35: 200 | X35: 0 | Y35: 55 | Z35: =SUM(W35:Y35) -> 255 | AA35: =(F35+J35+N35+R35+V35+Z35) -> 4169.176 | AB35: kg/hari | AD35: 28 | AE35: 28 | AF35: =(C35+G35+K35+O35+S35+W35) -> 2462.8 | AG35: =(D35+H35+L35+P35+T35+X35) -> 51.376 | AH35: =(E35+I35+M35+Q35++U35+Y35) -> 1655 | AJ35: 28 | AK35: 28 | AL35: =AF35 -> 2462.8 | AM35: =AL35/AA35 -> 0.59071625 | AN35: =AG35 -> 51.376 | AO35: =AN35/AA35 -> 0.012322819 | AP35: =AH35 -> 1655 | AQ35: =AP35/AA35 -> 0.39696093
A36: 29 | B36: 29 | C36: 100 | D36: 14.872 | E36: 125 | F36: =SUM(C36:E36) -> 239.872 | G36: 769.6 | H36: 21.632 | I36: 300 | J36: =SUM(G36:I36) -> 1091.232 | K36: 200 | L36: 7.436 | M36: 60 | N36: =SUM(K36:M36) -> 267.436 | O36: 574.8 | P36: 15.548 | Q36: 800 | R36: =SUM(O36:Q36) -> 1390.348 | S36: 100 | T36: 13.52 | U36: 100 | V36: =SUM(S36:U36) -> 213.52 | W36: 200 | X36: 6.76 | Y36: 55 | Z36: =SUM(W36:Y36) -> 261.76 | AA36: =(F36+J36+N36+R36+V36+Z36) -> 3464.168 | AB36: kg/hari | AD36: 29 | AE36: 29 | AF36: =(C36+G36+K36+O36+S36+W36) -> 1944.4 | AG36: =(D36+H36+L36+P36+T36+X36) -> 79.768 | AH36: =(E36+I36+M36+Q36++U36+Y36) -> 1440 | AJ36: 29 | AK36: 29 | AL36: =AF36 -> 1944.4 | AM36: =AL36/AA36 -> 0.56128918 | AN36: =AG36 -> 79.768 | AO36: =AN36/AA36 -> 0.023026597 | AP36: =AH36 -> 1440 | AQ36: =AP36/AA36 -> 0.41568423
A37: 30 | B37: 30 | C37: 50 | D37: 4.732 | E37: 50 | F37: =SUM(C37:E37) -> 104.732 | G37: 125.6 | H37: 33.124 | I37: 70 | J37: =SUM(G37:I37) -> 228.724 | K37: 0 | L37: 6.084 | N37: =SUM(K37:M37) -> 6.084 | O37: 218 | P37: 7.436 | Q37: 50 | R37: =SUM(O37:Q37) -> 275.436 | S37: 180 | T37: 6.76 | U37: 50 | V37: =SUM(S37:U37) -> 236.76 | W37: 200 | Y37: 50 | Z37: =SUM(W37:Y37) -> 250 | AA37: =(F37+J37+N37+R37+V37+Z37) -> 1101.736 | AB37: kg/hari | AD37: 30 | AE37: 30 | AF37: =(C37+G37+K37+O37+S37+W37) -> 773.6 | AG37: =(D37+H37+L37+P37+T37+X37) -> 58.136 | AH37: =(E37+I37+M37+Q37++U37+Y37) -> 270 | AJ37: 30 | AK37: 30 | AL37: =AF37 -> 773.6 | AM37: =AL37/AA37 -> 0.70216458 | AN37: =AG37 -> 58.136 | AO37: =AN37/AA37 -> 0.052767632 | AP37: =AH37 -> 270 | AQ37: =AP37/AA37 -> 0.24506778
A38: 31 | B38: 31 | F38: =SUM(C38:E38) -> 0 | J38: =SUM(G38:I38) -> 0 | N38: =SUM(K38:M38) -> 0 | R38: =SUM(O38:Q38) -> 0 | V38: =SUM(S38:U38) -> 0 | Z38: =SUM(W38:Y38) -> 0 | AA38: =(F38+J38+N38+R38+V38+Z38) -> 0 | AB38: kg/hari | AD38: 31 | AE38: 31 | AF38: =(C38+G38+K38+O38+S38+W38) -> 0 | AG38: =(D38+H38+L38+P38+T38+X38) -> 0 | AH38: =(E38+I38+M38+Q38++U38+Y38) -> 0 | AJ38: 31 | AK38: 31 | AL38: =AF38 -> 0 | AM38: =AL38/AA38 -> #DIV/0! | AN38: =AG38 -> 0 | AO38: =AN38/AA38 -> #DIV/0! | AP38: =AH38 -> 0 | AQ38: =AP38/AA38 -> #DIV/0!
A39: Total/jenis (kg/bulan) | C39: =SUM(C8:C38) -> 2119 | D39: =SUM(D8:D38) -> 456.976 | E39: =SUM(E8:E38) -> 3553 | F39: =SUM(F8:F38) -> 6128.976 | G39: =SUM(G8:G38) -> 12178.8 | H39: =SUM(H8:H38) -> 600.964 | I39: =SUM(I8:I38) -> 6770 | J39: =SUM(J8:J38) -> 19549.764 | ... AA39: =SUM(AA8:AA38) -> 82458.324 | AB39: kg/bulan | AD39: Total Jenis Sampah Terpilah (kg/bulan) | AF39: =SUM(AF8:AF38) -> 49895.8 | AG39: =SUM(AG8:AG38) -> 2669.524 | AH39: =SUM(AH8:AH38) -> 29893 | AJ39: Total Pengelolaan Sampah(kg/bulan) | AL39: =SUM(AL8:AL38) -> 49895.8 | AM39: - | AN39: =SUM(AN8:AN38) -> 2669.524 | AO39: - | AP39: =SUM(AP8:AP38) -> 29893 | AQ39: -
A40: Total/jenis (ton/bulan) | C40: =C39/1000 -> 2.119 | D40: =D39/1000 -> 0.456976 | E40: =E39/1000 -> 3.553 | F40: =F39/1000 -> 6.128976 | G40: =G39/1000 -> 12.1788 | H40: =H39/1000 -> 0.600964 | I40: =I39/1000 -> 6.77 | J40: =J39/1000 -> 19.549764 | ... AA40: =AA39/1000 -> 82.458324 | AB40: ton/bulan | AD40: Total Jenis Sampah Terpilah (ton/bulan) | AF40: =AF39/1000 -> 49.8958 | AG40: =AG39/1000 -> 2.669524 | AH40: =AH39/1000 -> 29.893 | AJ40: Total Sampah terkelola (ton/bulan) | AL40: =AL39/1000 -> 49.8958 | AM40: =AL40/AA40 -> 0.60510325 | AN40: =AN39/1000 -> 2.669524 | AO40: =AN40/AA40 -> 0.032374221 | AP40: =AP39/1000 -> 29.893 | AQ40: =AP40/AA40 -> 0.36252253
A41: Rata-rata perhari (kg/hari) | C41: =_xlfn.AGGREGATE(1,7,C8:C38) -> 70.633333 | D41: =_xlfn.AGGREGATE(1,7,D8:D38) -> 15.232533 | E41: =_xlfn.AGGREGATE(1,7,E8:E38) -> 118.43333 | F41: =AVERAGEIF(F8:F38,">0") -> 235.72985 | G41: =_xlfn.AGGREGATE(1,7,G8:G38) -> 405.96 | H41: =_xlfn.AGGREGATE(1,7,H8:H38) -> 20.032133 | I41: =_xlfn.AGGREGATE(1,7,I8:I38) -> 225.66667 | J41: =AVERAGEIF(J8:J38,">0") -> 751.914 | K41: =_xlfn.AGGREGATE(1,7,K8:K38) -> 130.93333 | L41: =_xlfn.AGGREGATE(1,7,L8:L38) -> 10.770933 | M41: =_xlfn.AGGREGATE(1,7,M8:M38) -> 87.368421 | N41: =AVERAGEIF(N8:N38,">0") -> 197.0376 | O41: =_xlfn.AGGREGATE(1,7,O8:O38) -> 725.26667 | P41: =_xlfn.AGGREGATE(1,7,P8:P38) -> 22.4432 | Q41: =_xlfn.AGGREGATE(1,7,Q8:Q38) -> 475.66667 | R41: =AVERAGEIF(R8:R38,">0") -> 1223.3765 | S41: =_xlfn.AGGREGATE(1,7,S8:S38) -> 148.4 | T41: =_xlfn.AGGREGATE(1,7,T8:T38) -> 12.618667 | U41: =_xlfn.AGGREGATE(1,7,U8:U38) -> 65.714286 | V41: =AVERAGEIF(V8:V38,">0") -> 230.01931 | W41: =_xlfn.AGGREGATE(1,7,W8:W38) -> 182 | X41: =_xlfn.AGGREGATE(1,7,X8:X38) -> 8.1586207 | Y41: =_xlfn.AGGREGATE(1,7,Y8:Y38) -> 60 | Z41: =AVERAGEIF(Z8:Z38,">0") -> 249.88667 | AA41: =AVERAGEIF(AA8:AA38,">0") -> 2748.6108 | AB41: rata2 perhari (kg/hari) | AD41: Rata-rata Jenis Sampah Terpilah perhari (kg/hari) | AF41: =AVERAGEIF(AF8:AF38,">0") -> 1663.1933 | AG41: =AVERAGEIF(AG8:AG38,">0") -> 88.984133 | AH41: =AVERAGEIF(AH8:AH38,">0") -> 996.43333 | AJ41: Rata-rata Sampah Terkelola perhari (kg/hari) | AL41: =AVERAGEIF(AL8:AL38,">0") -> 1663.1933 | AM41: - | AN41: =AVERAGEIF(AN8:AN38,">0") -> 88.984133 | AO41: - | AP41: =AVERAGEIF(AP8:AP38,">0") -> 996.43333 | AQ41: -
C44: Keterangan:
D45: : Data di isi sesuai kondisi riil dilapangan.
D46: : Perhitungan Otomatis
D47: : Perhitungan Otomatis
D48: : Perhitungan Otomatis
D49: : Perhitungan Otomatis
D50: : Perhitungan Otomatis

Sheet Desember
A1: Perusahaan : | B1: ='Rekap Neraca Pengelolaan Sampah'!C3 -> PT PELINDO DAYA SEJAHTERA
A2: Tahun | B2: ='Rekap Neraca Pengelolaan Sampah'!D2 -> 2024
A3: Bulan: | B3: Desember | C3: REKAMAN TIMBULAN SAMPAH | G3: REKAMAN TIMBULAN SAMPAH | K3: REKAMAN TIMBULAN SAMPAH | O3: REKAMAN TIMBULAN SAMPAH | S3: REKAMAN TIMBULAN SAMPAH | W3: REKAMAN TIMBULAN SAMPAH | AA3: TOTAL TIMBULAN SAMPAH DI SELURUH AREA | AB3: Satuan | AD3: REKAMAN REKAP JUMLAH SAMPAH BERDASARKAN | AJ3: REKAMAN REKAP JUMLAH PENGELOLAAN SAMPAH
A4: No | B4: Tanggal | C4: (kg/hari) | G4: (kg/hari) | K4: (kg/hari) | O4: (kg/hari) | S4: (kg/hari) | W4: (kg/hari) | AD4: JENIS SAMPAH TERPILAH | AJ4: DI SELURUH AREA
C5: Sumber sampah | G5: Sumber sampah | K5: Sumber sampah | O5: Sumber sampah | S5: Sumber sampah | W5: Sumber sampah | AD5: (kg/hari) | AJ5: Bulan : | AK5: =B3 -> Desember | AL5: Tahun : | AM5: =B4 -> Tanggal
C6: Area Kantor | G6: Area Tempat Parkir/Taman/Jalan | K6: Area Ruang Tunggu | O6: Area Tempat Makan | S6: Sampah Kapal (Khusus Pelabuhan) | W6: Area Lain (sebutkan jika ada) | AD6: Bulan : | AE6: =B3 -> Desember | AF6: Tahun : | AG6: =B4 -> Tanggal | AJ6: Sampah Terkelola (kg/hari)
C7: Sampah Organik Terpilah | D7: Sampah Anorganik Terpilah | E7: Sampah Lainnya dan/atau Residu | F7: Total Timbulan Sampah | G7: Sampah Organik Terpilah | H7: Sampah Anorganik Terpilah | I7: Sampah Lainnya dan/atau Residu | J7: Total Timbulan Sampah | K7: Sampah Organik Terpilah | L7: Sampah Anorganik Terpilah | M7: Sampah Lainnya dan/atau Residu | N7: Total Timbulan Sampah | O7: Sampah Organik Terpilah | P7: Sampah Anorganik Terpilah | Q7: Sampah Lainnya dan/atau Residu | R7: Total Timbulan Sampah | S7: Sampah Organik Terpilah | T7: Sampah Anorganik Terpilah | U7: Sampah Lainnya dan/atau Residu | V7: Total Timbulan Sampah | W7: Sampah Organik Terpilah | X7: Sampah Anorganik Terpilah | Y7: Sampah Lainnya dan/atau Residu | Z7: Total Timbulan Sampah | AD7: No. | AE7: Tanggal | AF7: Jumlah Sampah Organik | AG7: Jumlah Sampah Anorganik | AH7: Jumlah Sampah Residu ke TPA | AJ7: No. | AK7: Tanggal | AL7: Kompos / Pakan Ternak | AM7: Prosentase Kompos/pakan ternak | AN7: Bank Sampah / TPS3R / PDU | AO7: Prosentase Bank Sampah / TPS3R / PDU | AP7: Sampah Residu yang diangkut ke TPA | AQ7: Prosentase Sampah Residu yang diangkut ke TPA
A8: 1 | B8: 01 | E8: 0 | F8: =SUM(C8:E8) -> 0 | G8: 10 | H8: 14.56 | I8: 0 | J8: =SUM(G8:I8) -> 24.56 | L8: 5.72 | N8: =SUM(K8:M8) -> 5.72 | O8: 18 | P8: 19.24 | Q8: 0 | R8: =SUM(O8:Q8) -> 37.24 | V8: =SUM(S8:U8) -> 0 | Z8: =SUM(W8:Y8) -> 0 | AA8: =(F8+J8+N8+R8+V8+Z8) -> 67.52 | AB8: kg/hari | AD8: 1 | AE8: 01 | AF8: =(C8+G8+K8+O8+S8+W8) -> 28 | AG8: =(D8+H8+L8+P8+T8+X8) -> 39.52 | AH8: =(E8+I8+M8+Q8++U8+Y8) -> 0 | AJ8: 1 | AK8: 01 | AL8: =AF8 -> 28 | AM8: =AL8/AA8 -> 0.41469194 | AN8: =AG8 -> 39.52 | AO8: =AN8/AA8 -> 0.58530806 | AP8: =AH8 -> 0 | AQ8: =AP8/AA8 -> 0
A9: 2 | B9: 02 | C9: 200 | D9: 20.8 | E9: 52 | F9: =SUM(C9:E9) -> 272.8 | G9: 1814 | H9: 19.76 | I9: 700 | J9: =SUM(G9:I9) -> 2533.76 | K9: 680 | L9: 6.76 | M9: 200 | N9: =SUM(K9:M9) -> 886.76 | O9: 624.4 | P9: 25.48 | Q9: 200 | R9: =SUM(O9:Q9) -> 849.88 | T9: 15.6 | U9: 1110 | V9: =SUM(S9:U9) -> 1125.6 | W9: 8 | X9: 15.6 | Y9: 3 | Z9: =SUM(W9:Y9) -> 26.6 | AA9: =(F9+J9+N9+R9+V9+Z9) -> 5695.4 | AB9: kg/hari | AD9: 2 | AE9: 02 | AF9: =(C9+G9+K9+O9+S9+W9) -> 3326.4 | AG9: =(D9+H9+L9+P9+T9+X9) -> 104 | AH9: =(E9+I9+M9+Q9++U9+Y9) -> 2265 | AJ9: 2 | AK9: 02 | AL9: =AF9 -> 3326.4 | AM9: =AL9/AA9 -> 0.58405029 | AN9: =AG9 -> 104 | AO9: =AN9/AA9 -> 0.01826035 | AP9: =AH9 -> 2265 | AQ9: =AP9/AA9 -> 0.39768936
A10: 3 | B10: 03 | C10: 188 | D10: 10.4 | E10: 100 | F10: =SUM(C10:E10) -> 298.4 | G10: 615.6 | H10: 21.84 | I10: 500 | J10: =SUM(G10:I10) -> 1137.44 | K10: 400 | L10: 4.68 | M10: 100 | N10: =SUM(K10:M10) -> 504.68 | O10: 822.8 | P10: 22.36 | Q10: 300 | R10: =SUM(O10:Q10) -> 1145.16 | S10: 888 | T10: 15.6 | U10: 500 | V10: =SUM(S10:U10) -> 1403.6 | W10: 200 | X10: 10.4 | Y10: 55 | Z10: =SUM(W10:Y10) -> 265.4 | AA10: =(F10+J10+N10+R10+V10+Z10) -> 4754.68 | AB10: kg/hari | AD10: 3 | AE10: 03 | AF10: =(C10+G10+K10+O10+S10+W10) -> 3114.4 | AG10: =(D10+H10+L10+P10+T10+X10) -> 85.28 | AH10: =(E10+I10+M10+Q10++U10+Y10) -> 1555 | AJ10: 3 | AK10: 03 | AL10: =AF10 -> 3114.4 | AM10: =AL10/AA10 -> 0.65501779 | AN10: =AG10 -> 85.28 | AO10: =AN10/AA10 -> 0.017936013 | AP10: =AH10 -> 1555 | AQ10: =AP10/AA10 -> 0.32704619
A11: 4 | B11: 04 | C11: 400 | D11: 29.64 | E11: 136 | F11: =SUM(C11:E11) -> 565.64 | G11: 1416.4 | H11: 26 | I11: 700 | J11: =SUM(G11:I11) -> 2142.4 | K11: 14 | L11: 16.64 | N11: =SUM(K11:M11) -> 30.64 | O11: 819.6 | P11: 27.56 | Q11: 500 | R11: =SUM(O11:Q11) -> 1347.16 | S11: 1880 | T11: 10.4 | U11: 800 | V11: =SUM(S11:U11) -> 2690.4 | W11: 200 | X11: 15.6 | Y11: 55 | Z11: =SUM(W11:Y11) -> 270.6 | AA11: =(F11+J11+N11+R11+V11+Z11) -> 7046.84 | AB11: kg/hari | AD11: 4 | AE11: 04 | AF11: =(C11+G11+K11+O11+S11+W11) -> 4730 | AG11: =(D11+H11+L11+P11+T11+X11) -> 125.84 | AH11: =(E11+I11+M11+Q11++U11+Y11) -> 2191 | AJ11: 4 | AK11: 04 | AL11: =AF11 -> 4730 | AM11: =AL11/AA11 -> 0.67122285 | AN11: =AG11 -> 125.84 | AO11: =AN11/AA11 -> 0.01785765 | AP11: =AH11 -> 2191 | AQ11: =AP11/AA11 -> 0.3109195
A12: 5 | B12: 05 | C12: 100 | D12: 26.52 | E12: 100 | F12: =SUM(C12:E12) -> 226.52 | G12: 212.8 | H12: 21.32 | I12: 200 | J12: =SUM(G12:I12) -> 434.12 | K12: 400 | L12: 10.92 | M12: 100 | N12: =SUM(K12:M12) -> 510.92 | O12: 426 | P12: 31.72 | Q12: 200 | R12: =SUM(O12:Q12) -> 657.72 | S12: 44 | T12: 10.4 | U12: 11 | V12: =SUM(S12:U12) -> 65.4 | W12: 200 | X12: 10.4 | Y12: 50 | Z12: =SUM(W12:Y12) -> 260.4 | AA12: =(F12+J12+N12+R12+V12+Z12) -> 2155.08 | AB12: kg/hari | AD12: 5 | AE12: 05 | AF12: =(C12+G12+K12+O12+S12+W12) -> 1382.8 | AG12: =(D12+H12+L12+P12+T12+X12) -> 111.28 | AH12: =(E12+I12+M12+Q12++U12+Y12) -> 661 | AJ12: 5 | AK12: 05 | AL12: =AF12 -> 1382.8 | AM12: =AL12/AA12 -> 0.64164671 | AN12: =AG12 -> 111.28 | AO12: =AN12/AA12 -> 0.051636134 | AP12: =AH12 -> 661 | AQ12: =AP12/AA12 -> 0.30671715
A13: 6 | B13: 06 | C13: 324 | D13: 5.2 | E13: 100 | F13: =SUM(C13:E13) -> 429.2 | G13: 811.6 | H13: 11.96 | I13: 300 | J13: =SUM(G13:I13) -> 1123.56 | K13: 200 | L13: 20.8 | M13: 50 | N13: =SUM(K13:M13) -> 270.8 | O13: 740.4 | P13: 24.44 | Q13: 300 | R13: =SUM(O13:Q13) -> 1064.84 | S13: 760 | T13: 5.2 | U13: 300 | V13: =SUM(S13:U13) -> 1065.2 | W13: 200 | X13: 15.6 | Y13: 50 | Z13: =SUM(W13:Y13) -> 265.6 | AA13: =(F13+J13+N13+R13+V13+Z13) -> 4219.2 | AB13: kg/hari | AD13: 6 | AE13: 06 | AF13: =(C13+G13+K13+O13+S13+W13) -> 3036 | AG13: =(D13+H13+L13+P13+T13+X13) -> 83.2 | AH13: =(E13+I13+M13+Q13++U13+Y13) -> 1100 | AJ13: 6 | AK13: 06 | AL13: =AF13 -> 3036 | AM13: =AL13/AA13 -> 0.71956769 | AN13: =AG13 -> 83.2 | AO13: =AN13/AA13 -> 0.019719378 | AP13: =AH13 -> 1100 | AQ13: =AP13/AA13 -> 0.26071293
A14: 7 | B14: 07 | C14: 400 | D14: 5.2 | E14: 100 | F14: =SUM(C14:E14) -> 505.2 | G14: 414.4 | H14: 4.68 | I14: 100 | J14: =SUM(G14:I14) -> 519.08 | K14: 0 | L14: 7.28 | N14: =SUM(K14:M14) -> 7.28 | O14: 425.2 | P14: 13 | Q14: 100 | R14: =SUM(O14:Q14) -> 538.2 | S14: 40 | T14: 0 | U14: 40 | V14: =SUM(S14:U14) -> 80 | W14: 200 | X14: 0 | Y14: 50 | Z14: =SUM(W14:Y14) -> 250 | AA14: =(F14+J14+N14+R14+V14+Z14) -> 1899.76 | AB14: kg/hari | AD14: 7 | AE14: 07 | AF14: =(C14+G14+K14+O14+S14+W14) -> 1479.6 | AG14: =(D14+H14+L14+P14+T14+X14) -> 30.16 | AH14: =(E14+I14+M14+Q14++U14+Y14) -> 390 | AJ14: 7 | AK14: 07 | AL14: =AF14 -> 1479.6 | AM14: =AL14/AA14 -> 0.77883522 | AN14: =AG14 -> 30.16 | AO14: =AN14/AA14 -> 0.01587569 | AP14: =AH14 -> 390 | AQ14: =AP14/AA14 -> 0.20528909
A15: 8 | B15: 08 | C15: 0 | D15: 7.8 | E15: 0 | F15: =SUM(C15:E15) -> 7.8 | G15: 12.4 | H15: 15.6 | I15: 0 | J15: =SUM(G15:I15) -> 28 | K15: 0 | L15: 24.96 | N15: =SUM(K15:M15) -> 24.96 | O15: 18.4 | P15: 17.16 | Q15: 0 | R15: =SUM(O15:Q15) -> 35.56 | S15: 0 | T15: 0 | V15: =SUM(S15:U15) -> 0 | W15: 200 | X15: 5.2 | Y15: 50 | Z15: =SUM(W15:Y15) -> 255.2 | AA15: =(F15+J15+N15+R15+V15+Z15) -> 351.52 | AB15: kg/hari | AD15: 8 | AE15: 08 | AF15: =(C15+G15+K15+O15+S15+W15) -> 230.8 | AG15: =(D15+H15+L15+P15+T15+X15) -> 70.72 | AH15: =(E15+I15+M15+Q15++U15+Y15) -> 50 | AJ15: 8 | AK15: 08 | AL15: =AF15 -> 230.8 | AM15: =AL15/AA15 -> 0.65657715 | AN15: =AG15 -> 70.72 | AO15: =AN15/AA15 -> 0.20118343 | AP15: =AH15 -> 50 | AQ15: =AP15/AA15 -> 0.14223942
A16: 9 | B16: 09 | C16: 360 | D16: 10.4 | E16: 200 | F16: =SUM(C16:E16) -> 570.4 | G16: 1011.6 | H16: 16.12 | I16: 500 | J16: =SUM(G16:I16) -> 1527.72 | K16: 412.4 | L16: 4.68 | M16: 100 | N16: =SUM(K16:M16) -> 517.08 | O16: 495.6 | P16: 30.68 | Q16: 300 | R16: =SUM(O16:Q16) -> 826.28 | S16: 1080 | T16: 5.2 | U16: 500 | V16: =SUM(S16:U16) -> 1585.2 | W16: 200 | X16: 5.2 | Y16: 50 | Z16: =SUM(W16:Y16) -> 255.2 | AA16: =(F16+J16+N16+R16+V16+Z16) -> 5281.88 | AB16: kg/hari | AD16: 9 | AE16: 09 | AF16: =(C16+G16+K16+O16+S16+W16) -> 3559.6 | AG16: =(D16+H16+L16+P16+T16+X16) -> 72.28 | AH16: =(E16+I16+M16+Q16++U16+Y16) -> 1650 | AJ16: 9 | AK16: 09 | AL16: =AF16 -> 3559.6 | AM16: =AL16/AA16 -> 0.67392671 | AN16: =AG16 -> 72.28 | AO16: =AN16/AA16 -> 0.013684521 | AP16: =AH16 -> 1650 | AQ16: =AP16/AA16 -> 0.31238877
A17: 10 | B17: 10 | C17: 400 | D17: 5.2 | E17: 135 | F17: =SUM(C17:E17) -> 540.2 | G17: 1010.8 | H17: 10.4 | I17: 500 | J17: =SUM(G17:I17) -> 1521.2 | K17: 200 | L17: 5.2 | M17: 50 | N17: =SUM(K17:M17) -> 255.2 | O17: 539.6 | P17: 18.2 | Q17: 500 | R17: =SUM(O17:Q17) -> 1057.8 | S17: 924 | T17: 5.2 | U17: 500 | V17: =SUM(S17:U17) -> 1429.2 | W17: 200 | X17: 5.2 | Y17: 50 | Z17: =SUM(W17:Y17) -> 255.2 | AA17: =(F17+J17+N17+R17+V17+Z17) -> 5058.8 | AB17: kg/hari | AD17: 10 | AE17: 10 | AF17: =(C17+G17+K17+O17+S17+W17) -> 3274.4 | AG17: =(D17+H17+L17+P17+T17+X17) -> 49.4 | AH17: =(E17+I17+M17+Q17++U17+Y17) -> 1735 | AJ17: 10 | AK17: 10 | AL17: =AF17 -> 3274.4 | AM17: =AL17/AA17 -> 0.64726813 | AN17: =AG17 -> 49.4 | AO17: =AN17/AA17 -> 0.0097651617 | AP17: =AH17 -> 1735 | AQ17: =AP17/AA17 -> 0.34296671
A18: 11 | B18: 11 | C18: 280 | D18: 24.96 | E18: 100 | F18: =SUM(C18:E18) -> 404.96 | G18: 1012.4 | H18: 13 | I18: 500 | J18: =SUM(G18:I18) -> 1525.4 | K18: 200 | L18: 6.76 | M18: 50 | N18: =SUM(K18:M18) -> 256.76 | O18: 820.4 | P18: 14.04 | Q18: 300 | R18: =SUM(O18:Q18) -> 1134.44 | S18: 1000 | T18: 5.2 | U18: 500 | V18: =SUM(S18:U18) -> 1505.2 | W18: 200 | X18: 10.4 | Y18: 55 | Z18: =SUM(W18:Y18) -> 265.4 | AA18: =(F18+J18+N18+R18+V18+Z18) -> 5092.16 | AB18: kg/hari | AD18: 11 | AE18: 11 | AF18: =(C18+G18+K18+O18+S18+W18) -> 3512.8 | AG18: =(D18+H18+L18+P18+T18+X18) -> 74.36 | AH18: =(E18+I18+M18+Q18++U18+Y18) -> 1505 | AJ18: 11 | AK18: 11 | AL18: =AF18 -> 3512.8 | AM18: =AL18/AA18 -> 0.68984478 | AN18: =AG18 -> 74.36 | AO18: =AN18/AA18 -> 0.01460284 | AP18: =AH18 -> 1505 | AQ18: =AP18/AA18 -> 0.29555238
A19: 12 | B19: 12 | C19: 320 | D19: 10.4 | E19: 100 | F19: =SUM(C19:E19) -> 430.4 | G19: 531.2 | H19: 41.08 | I19: 600 | J19: =SUM(G19:I19) -> 1172.28 | K19: 400 | L19: 8.84 | M19: 100 | N19: =SUM(K19:M19) -> 508.84 | O19: 624.8 | P19: 15.08 | Q19: 500 | R19: =SUM(O19:Q19) -> 1139.88 | S19: 808 | T19: 5.2 | U19: 500 | V19: =SUM(S19:U19) -> 1313.2 | W19: 200 | X19: 5.2 | Y19: 50 | Z19: =SUM(W19:Y19) -> 255.2 | AA19: =(F19+J19+N19+R19+V19+Z19) -> 4819.8 | AB19: kg/hari | AD19: 12 | AE19: 12 | AF19: =(C19+G19+K19+O19+S19+W19) -> 2884 | AG19: =(D19+H19+L19+P19+T19+X19) -> 85.8 | AH19: =(E19+I19+M19+Q19++U19+Y19) -> 1850 | AJ19: 12 | AK19: 12 | AL19: =AF19 -> 2884 | AM19: =AL19/AA19 -> 0.59836508 | AN19: =AG19 -> 85.8 | AO19: =AN19/AA19 -> 0.017801569 | AP19: =AH19 -> 1850 | AQ19: =AP19/AA19 -> 0.38383335
A20: 13 | B20: 13 | C20: 192 | D20: 5.2 | E20: 100 | F20: =SUM(C20:E20) -> 297.2 | G20: 1215.2 | H20: 12.48 | I20: 800 | J20: =SUM(G20:I20) -> 2027.68 | K20: 200 | L20: 21.84 | M20: 50 | N20: =SUM(K20:M20) -> 271.84 | O20: 1418.8 | P20: 24.96 | Q20: 500 | R20: =SUM(O20:Q20) -> 1943.76 | S20: 1660 | T20: 5.2 | U20: 1000 | V20: =SUM(S20:U20) -> 2665.2 | W20: 200 | X20: 10.4 | Y20: 60 | Z20: =SUM(W20:Y20) -> 270.4 | AA20: =(F20+J20+N20+R20+V20+Z20) -> 7476.08 | AB20: kg/hari | AD20: 13 | AE20: 13 | AF20: =(C20+G20+K20+O20+S20+W20) -> 4886 | AG20: =(D20+H20+L20+P20+T20+X20) -> 80.08 | AH20: =(E20+I20+M20+Q20++U20+Y20) -> 2510 | AJ20: 13 | AK20: 13 | AL20: =AF20 -> 4886 | AM20: =AL20/AA20 -> 0.65355106 | AN20: =AG20 -> 80.08 | AO20: =AN20/AA20 -> 0.010711496 | AP20: =AH20 -> 2510 | AQ20: =AP20/AA20 -> 0.33573745
A21: 14 | B21: 14 | C21: 0 | D21: 10.4 | E21: 0 | F21: =SUM(C21:E21) -> 10.4 | G21: 8.4 | H21: 5.72 | I21: 0 | J21: =SUM(G21:I21) -> 14.12 | K21: 0 | L21: 14.04 | N21: =SUM(K21:M21) -> 14.04 | O21: 15.6 | P21: 14.04 | Q21: 0 | R21: =SUM(O21:Q21) -> 29.64 | S21: 0 | T21: 0 | V21: =SUM(S21:U21) -> 0 | W21: 200 | X21: 0 | Y21: 50 | Z21: =SUM(W21:Y21) -> 250 | AA21: =(F21+J21+N21+R21+V21+Z21) -> 318.2 | AB21: kg/hari | AD21: 14 | AE21: 14 | AF21: =(C21+G21+K21+O21+S21+W21) -> 224 | AG21: =(D21+H21+L21+P21+T21+X21) -> 44.2 | AH21: =(E21+I21+M21+Q21++U21+Y21) -> 50 | AJ21: 14 | AK21: 14 | AL21: =AF21 -> 224 | AM21: =AL21/AA21 -> 0.70395977 | AN21: =AG21 -> 44.2 | AO21: =AN21/AA21 -> 0.13890635 | AP21: =AH21 -> 50 | AQ21: =AP21/AA21 -> 0.15713388
